Force (N),Position (mm),Strain (%),Stress (MPa)
0,0,0,0
0,0.001,0.001,0
0,0.002,0.002,0
0,0.003,0.003,0
0,0.004,0.004,0
0.0833333,0.005,0.005,0.00208333
0.0833333,0.006,0.006,0.00208333
0.0176235,0.007,0.007,0.000440588
0,0.008,0.008,0
0,0.009,0.009,0
0,0.01,0.01,0
0,0.011,0.011,0
0.0833333,0.012,0.012,0.00208333
0.0833333,0.013,0.013,0.00208333
0.0833333,0.014,0.014,0.00208333
0.0833333,0.015,0.015,0.00208333
0.0833333,0.016,0.016,0.00208333
0.0833333,0.017,0.017,0.00208333
0.0833333,0.018,0.018,0.00208333
0.0833333,0.019,0.019,0.00208333
0.0833333,0.02,0.02,0.00208333
0.166667,0.021,0.021,0.00416666
0.166667,0.022,0.022,0.00416666
0.166667,0.023,0.023,0.00416666
0.166667,0.024,0.024,0.00416666
0.166667,0.025,0.025,0.00416666
0.166667,0.026,0.026,0.00416666
0.166667,0.027,0.027,0.00416666
0.166667,0.028,0.028,0.00416666
0.166667,0.029,0.029,0.00416666
0.166667,0.03,0.03,0.00416666
0.166667,0.031,0.031,0.00416666
0.166667,0.032,0.032,0.00416666
0.25,0.033,0.033,0.00624999
0.25,0.034,0.034,0.00624999
0.166667,0.035,0.035,0.00416666
0.25,0.036,0.036,0.00624999
0.25,0.037,0.037,0.00624999
0.25,0.038,0.038,0.00624999
0.25,0.039,0.039,0.00624999
0.25,0.04,0.04,0.00624999
0.25,0.041,0.041,0.00624999
0.25,0.042,0.042,0.00624999
0.25,0.043,0.043,0.00624999
0.25,0.044,0.044,0.00624999
0.25,0.045,0.045,0.00624999
0.25,0.046,0.046,0.00624999
0.25,0.047,0.047,0.00624999
0.333333,0.048,0.048,0.00833332
0.267752,0.049,0.049,0.00669379
0.25,0.05,0.05,0.00624999
0.25,0.051,0.051,0.00624999
0.333333,0.052,0.052,0.00833332
0.333333,0.053,0.053,0.00833332
0.333333,0.054,0.054,0.00833332
0.333333,0.055,0.055,0.00833332
0.333333,0.056,0.056,0.00833332
0.333333,0.057,0.057,0.00833332
0.333333,0.058,0.058,0.00833332
0.333333,0.059,0.059,0.00833332
0.333333,0.06,0.06,0.00833332
0.333333,0.061,0.061,0.00833332
0.333333,0.062,0.062,0.00833332
0.333333,0.063,0.063,0.00833332
0.333333,0.064,0.064,0.00833332
0.345027,0.065,0.065,0.00862567
0.416667,0.066,0.066,0.0104167
0.416667,0.067,0.067,0.0104167
0.416667,0.068,0.068,0.0104167
0.416667,0.069,0.069,0.0104167
0.416667,0.07,0.07,0.0104167
0.416667,0.071,0.071,0.0104167
0.416667,0.072,0.072,0.0104167
0.416667,0.073,0.073,0.0104167
0.416667,0.074,0.074,0.0104167
0.416667,0.075,0.075,0.0104167
0.416667,0.076,0.076,0.0104167
0.416667,0.077,0.077,0.0104167
0.416667,0.078,0.078,0.0104167
0.416667,0.079,0.079,0.0104167
0.416667,0.08,0.08,0.0104167
0.416667,0.081,0.081,0.0104167
0.5,0.082,0.082,0.0125
0.5,0.083,0.083,0.0125
0.5,0.084,0.084,0.0125
0.5,0.085,0.085,0.0125
0.5,0.086,0.086,0.0125
0.5,0.087,0.087,0.0125
0.5,0.088,0.088,0.0125
0.5,0.089,0.089,0.0125
0.5,0.09,0.09,0.0125
0.5,0.091,0.091,0.0125
0.5,0.092,0.092,0.0125
0.5,0.093,0.093,0.0125
0.5,0.094,0.094,0.0125
0.5,0.095,0.095,0.0125
0.5,0.096,0.096,0.0125
0.5,0.097,0.097,0.0125
0.5,0.098,0.098,0.0125
0.583333,0.099,0.099,0.0145833
0.583333,0.1,0.1,0.0145833
0.583333,0.101,0.101,0.0145833
0.583333,0.102,0.102,0.0145833
0.583333,0.103,0.103,0.0145833
0.583333,0.104,0.104,0.0145833
0.583333,0.105,0.105,0.0145833
0.583333,0.106,0.106,0.0145833
0.583333,0.107,0.107,0.0145833
0.583333,0.108,0.108,0.0145833
0.583333,0.109,0.109,0.0145833
0.583333,0.11,0.11,0.0145833
0.583333,0.111,0.111,0.0145833
0.583333,0.112,0.112,0.0145833
0.583333,0.113,0.113,0.0145833
0.665353,0.114,0.114,0.0166338
0.666667,0.115,0.115,0.0166666
0.666667,0.116,0.116,0.0166666
0.666667,0.117,0.117,0.0166666
0.666667,0.118,0.118,0.0166666
0.666667,0.119,0.119,0.0166666
0.666667,0.12,0.12,0.0166666
0.666667,0.121,0.121,0.0166666
0.666667,0.122,0.122,0.0166666
0.666667,0.123,0.123,0.0166666
0.666667,0.124,0.124,0.0166666
0.666667,0.125,0.125,0.0166666
0.666667,0.126,0.126,0.0166666
0.749297,0.127,0.127,0.0187324
0.666667,0.128,0.128,0.0166666
0.75,0.129,0.129,0.01875
0.75,0.13,0.13,0.01875
0.75,0.131,0.131,0.01875
0.75,0.132,0.132,0.01875
0.75,0.133,0.133,0.01875
0.75,0.134,0.134,0.01875
0.75,0.135,0.135,0.01875
0.75,0.136,0.136,0.01875
0.75,0.137,0.137,0.01875
0.75,0.138,0.138,0.01875
0.75,0.139,0.139,0.01875
0.75,0.14,0.14,0.01875
0.833333,0.141,0.141,0.0208333
0.833333,0.142,0.142,0.0208333
0.833333,0.143,0.143,0.0208333
0.833333,0.144,0.144,0.0208333
0.833333,0.145,0.145,0.0208333
0.833333,0.146,0.146,0.0208333
0.833333,0.147,0.147,0.0208333
0.833333,0.148,0.148,0.0208333
0.833333,0.149,0.149,0.0208333
0.833333,0.15,0.15,0.0208333
0.833333,0.151,0.151,0.0208333
0.833333,0.152,0.152,0.0208333
0.833333,0.153,0.153,0.0208333
0.833333,0.154,0.154,0.0208333
0.916667,0.155,0.155,0.0229166
0.833333,0.156,0.156,0.0208333
0.916667,0.157,0.157,0.0229166
0.916667,0.158,0.158,0.0229166
0.916667,0.159,0.159,0.0229166
0.916667,0.16,0.16,0.0229166
0.916667,0.161,0.161,0.0229166
0.916667,0.162,0.162,0.0229166
0.916667,0.163,0.163,0.0229166
0.916667,0.164,0.164,0.0229166
0.916667,0.165,0.165,0.0229166
0.916667,0.166,0.166,0.0229166
0.916667,0.167,0.167,0.0229166
0.916667,0.168,0.168,0.0229166
0.916667,0.169,0.169,0.0229166
1,0.17,0.17,0.025
1,0.171,0.171,0.025
1,0.172,0.172,0.025
0.983341,0.173,0.173,0.0245835
1,0.174,0.174,0.025
1,0.175,0.175,0.025
1,0.176,0.176,0.025
1,0.177,0.177,0.025
1,0.178,0.178,0.025
1,0.179,0.179,0.025
1,0.18,0.18,0.025
1,0.181,0.181,0.025
1,0.182,0.182,0.025
1,0.183,0.183,0.025
1,0.184,0.184,0.025
1,0.185,0.185,0.025
1.08333,0.186,0.186,0.0270833
1,0.187,0.187,0.025
1.08333,0.188,0.188,0.0270833
1.08333,0.189,0.189,0.0270833
1.08333,0.19,0.19,0.0270833
1.08333,0.191,0.191,0.0270833
1.08333,0.192,0.192,0.0270833
1.08333,0.193,0.193,0.0270833
1.08333,0.194,0.194,0.0270833
1.08333,0.195,0.195,0.0270833
1.08333,0.196,0.196,0.0270833
1.1174,0.197,0.197,0.027935
1.16667,0.198,0.198,0.0291666
1.16667,0.199,0.199,0.0291666
1.16667,0.2,0.2,0.0291666
1.08333,0.201,0.201,0.0270833
1.16667,0.202,0.202,0.0291666
1.16667,0.203,0.203,0.0291666
1.16667,0.204,0.204,0.0291666
1.16667,0.205,0.205,0.0291666
1.16667,0.206,0.206,0.0291666
1.16667,0.207,0.207,0.0291666
1.16667,0.208,0.208,0.0291666
1.16667,0.209,0.209,0.0291666
1.16667,0.21,0.21,0.0291666
1.16667,0.211,0.211,0.0291666
1.16667,0.212,0.212,0.0291666
1.20676,0.213,0.213,0.0301688
1.16667,0.214,0.214,0.0291666
1.16667,0.215,0.215,0.0291666
1.21282,0.216,0.216,0.0303204
1.25,0.217,0.217,0.03125
1.25,0.218,0.218,0.03125
1.25,0.219,0.219,0.03125
1.25,0.22,0.22,0.03125
1.25,0.221,0.221,0.03125
1.25,0.222,0.222,0.03125
1.25,0.223,0.223,0.03125
1.25,0.224,0.224,0.03125
1.25,0.225,0.225,0.03125
1.25,0.226,0.226,0.03125
1.26858,0.227,0.227,0.0317145
1.33333,0.228,0.228,0.0333333
1.33333,0.229,0.229,0.0333333
1.33333,0.23,0.23,0.0333333
1.33333,0.231,0.231,0.0333333
1.30671,0.232,0.232,0.0326677
1.33333,0.233,0.233,0.0333333
1.33333,0.234,0.234,0.0333333
1.33333,0.235,0.235,0.0333333
1.33333,0.236,0.236,0.0333333
1.33333,0.237,0.237,0.0333333
1.33333,0.238,0.238,0.0333333
1.33333,0.239,0.239,0.0333333
1.33333,0.24,0.24,0.0333333
1.33333,0.241,0.241,0.0333333
1.33333,0.242,0.242,0.0333333
1.33333,0.243,0.243,0.0333333
1.41667,0.244,0.244,0.0354166
1.33333,0.245,0.245,0.0333333
1.36394,0.246,0.246,0.0340984
1.33333,0.247,0.247,0.0333333
1.41667,0.248,0.248,0.0354166
1.41667,0.249,0.249,0.0354166
1.41667,0.25,0.25,0.0354166
1.41667,0.251,0.251,0.0354166
1.41667,0.252,0.252,0.0354166
1.41667,0.253,0.253,0.0354166
1.41667,0.254,0.254,0.0354166
1.41667,0.255,0.255,0.0354166
1.41667,0.256,0.256,0.0354166
1.41667,0.257,0.257,0.0354166
1.41667,0.258,0.258,0.0354166
1.41667,0.259,0.259,0.0354166
1.41667,0.26,0.26,0.0354166
1.5,0.261,0.261,0.0374999
1.5,0.262,0.262,0.0374999
1.5,0.263,0.263,0.0374999
1.5,0.264,0.264,0.0374999
1.5,0.265,0.265,0.0374999
1.5,0.266,0.266,0.0374999
1.5,0.267,0.267,0.0374999
1.5,0.268,0.268,0.0374999
1.5,0.269,0.269,0.0374999
1.5,0.27,0.27,0.0374999
1.5,0.271,0.271,0.0374999
1.5,0.272,0.272,0.0374999
1.5,0.273,0.273,0.0374999
1.5,0.274,0.274,0.0374999
1.5,0.275,0.275,0.0374999
1.57264,0.276,0.276,0.039316
1.51485,0.277,0.277,0.0378713
1.5,0.278,0.278,0.0374999
1.58333,0.279,0.279,0.0395833
1.58333,0.28,0.28,0.0395833
1.58333,0.281,0.281,0.0395833
1.58333,0.282,0.282,0.0395833
1.58333,0.283,0.283,0.0395833
1.58333,0.284,0.284,0.0395833
1.58333,0.285,0.285,0.0395833
1.58333,0.286,0.286,0.0395833
1.58333,0.287,0.287,0.0395833
1.58333,0.288,0.288,0.0395833
1.58333,0.289,0.289,0.0395833
1.58333,0.29,0.29,0.0395833
1.58333,0.291,0.291,0.0395833
1.58333,0.292,0.292,0.0395833
1.58333,0.293,0.293,0.0395833
1.58333,0.294,0.294,0.0395833
1.66667,0.295,0.295,0.0416666
1.66667,0.296,0.296,0.0416666
1.66667,0.297,0.297,0.0416666
1.66667,0.298,0.298,0.0416666
1.66667,0.299,0.299,0.0416666
1.66667,0.3,0.3,0.0416666
1.66667,0.301,0.301,0.0416666
1.66667,0.302,0.302,0.0416666
1.66667,0.303,0.303,0.0416666
1.66667,0.304,0.304,0.0416666
1.66667,0.305,0.305,0.0416666
1.66667,0.306,0.306,0.0416666
1.66667,0.307,0.307,0.0416666
1.75,0.308,0.308,0.0437499
1.75,0.309,0.309,0.0437499
1.72105,0.31,0.31,0.0430261
1.75,0.311,0.311,0.0437499
1.66667,0.312,0.312,0.0416666
1.75,0.313,0.313,0.0437499
1.75,0.314,0.314,0.0437499
1.75,0.315,0.315,0.0437499
1.75,0.316,0.316,0.0437499
1.75,0.317,0.317,0.0437499
1.75,0.318,0.318,0.0437499
1.75,0.319,0.319,0.0437499
1.75,0.32,0.32,0.0437499
1.75,0.321,0.321,0.0437499
1.75,0.322,0.322,0.0437499
1.83333,0.323,0.323,0.0458333
1.80495,0.324,0.324,0.0451236
1.75,0.325,0.325,0.0437499
1.75,0.326,0.326,0.0437499
1.83333,0.327,0.327,0.0458333
1.83333,0.328,0.328,0.0458333
1.83333,0.329,0.329,0.0458333
1.83333,0.33,0.33,0.0458333
1.83333,0.331,0.331,0.0458333
1.83333,0.332,0.332,0.0458333
1.83333,0.333,0.333,0.0458333
1.83333,0.334,0.334,0.0458333
1.83333,0.335,0.335,0.0458333
1.83333,0.336,0.336,0.0458333
1.83333,0.337,0.337,0.0458333
1.83333,0.338,0.338,0.0458333
1.83333,0.339,0.339,0.0458333
1.88256,0.34,0.34,0.0470638
1.91667,0.341,0.341,0.0479166
1.91667,0.342,0.342,0.0479166
1.91667,0.343,0.343,0.0479166
1.91667,0.344,0.344,0.0479166
1.91667,0.345,0.345,0.0479166
1.91667,0.346,0.346,0.0479166
1.91667,0.347,0.347,0.0479166
1.91667,0.348,0.348,0.0479166
1.96969,0.349,0.349,0.0492422
1.91667,0.35,0.35,0.0479166
1.91667,0.351,0.351,0.0479166
1.91667,0.352,0.352,0.0479166
1.91667,0.353,0.353,0.0479166
1.91667,0.354,0.354,0.0479166
1.91667,0.355,0.355,0.0479166
2,0.356,0.356,0.0499999
2,0.357,0.357,0.0499999
2,0.358,0.358,0.0499999
2,0.359,0.359,0.0499999
2,0.36,0.36,0.0499999
2,0.361,0.361,0.0499999
2,0.362,0.362,0.0499999
2,0.363,0.363,0.0499999
2,0.364,0.364,0.0499999
2.08333,0.365,0.365,0.0520833
2.08333,0.366,0.366,0.0520833
2.00787,0.367,0.367,0.0501967
2.08333,0.368,0.368,0.0520833
2,0.369,0.369,0.0499999
2,0.37,0.37,0.0499999
2.08333,0.371,0.371,0.0520833
2.08333,0.372,0.372,0.0520833
2.08333,0.373,0.373,0.0520833
2.08333,0.374,0.374,0.0520833
2.08333,0.375,0.375,0.0520833
2.11046,0.376,0.376,0.0527614
2.08333,0.377,0.377,0.0520833
2.08333,0.378,0.378,0.0520833
2.11631,0.379,0.379,0.0529077
2.08333,0.38,0.38,0.0520833
2.08333,0.381,0.381,0.0520833
2.16667,0.382,0.382,0.0541666
2.16667,0.383,0.383,0.0541666
2.16667,0.384,0.384,0.0541666
2.16667,0.385,0.385,0.0541666
2.16667,0.386,0.386,0.0541666
2.16667,0.387,0.387,0.0541666
2.16667,0.388,0.388,0.0541666
2.16667,0.389,0.389,0.0541666
2.16667,0.39,0.39,0.0541666
2.16667,0.391,0.391,0.0541666
2.16667,0.392,0.392,0.0541666
2.16667,0.393,0.393,0.0541666
2.16667,0.394,0.394,0.0541666
2.16667,0.395,0.395,0.0541666
2.25,0.396,0.396,0.0562499
2.25,0.397,0.397,0.0562499
2.25,0.398,0.398,0.0562499
2.25,0.399,0.399,0.0562499
2.25,0.4,0.4,0.0562499
2.25,0.401,0.401,0.0562499
2.25,0.402,0.402,0.0562499
2.25,0.403,0.403,0.0562499
2.25,0.404,0.404,0.0562499
2.25,0.405,0.405,0.0562499
2.25,0.406,0.406,0.0562499
2.25,0.407,0.407,0.0562499
2.25,0.408,0.408,0.0562499
2.25,0.409,0.409,0.0562499
2.33333,0.41,0.41,0.0583332
2.25,0.411,0.411,0.0562499
2.33333,0.412,0.412,0.0583332
2.33333,0.413,0.413,0.0583332
2.33333,0.414,0.414,0.0583332
2.33333,0.415,0.415,0.0583332
2.33333,0.416,0.416,0.0583332
2.33333,0.417,0.417,0.0583332
2.33333,0.418,0.418,0.0583332
2.33333,0.419,0.419,0.0583332
2.33333,0.42,0.42,0.0583332
2.33333,0.421,0.421,0.0583332
2.33333,0.422,0.422,0.0583332
2.33333,0.423,0.423,0.0583332
2.33333,0.424,0.424,0.0583332
2.41667,0.425,0.425,0.0604166
2.33333,0.426,0.426,0.0583332
2.33333,0.427,0.427,0.0583332
2.41667,0.428,0.428,0.0604166
2.41667,0.429,0.429,0.0604166
2.41667,0.43,0.43,0.0604166
2.36515,0.431,0.431,0.0591287
2.41667,0.432,0.432,0.0604166
2.41667,0.433,0.433,0.0604166
2.41667,0.434,0.434,0.0604166
2.41667,0.435,0.435,0.0604166
2.41667,0.436,0.436,0.0604166
2.41667,0.437,0.437,0.0604166
2.41667,0.438,0.438,0.0604166
2.41667,0.439,0.439,0.0604166
2.41667,0.44,0.44,0.0604166
2.41667,0.441,0.441,0.0604166
2.49957,0.442,0.442,0.0624892
2.5,0.443,0.443,0.0624999
2.5,0.444,0.444,0.0624999
2.43533,0.445,0.445,0.0608833
2.5,0.446,0.446,0.0624999
2.5,0.447,0.447,0.0624999
2.5,0.448,0.448,0.0624999
2.5,0.449,0.449,0.0624999
2.5,0.45,0.45,0.0624999
2.5,0.451,0.451,0.0624999
2.5,0.452,0.452,0.0624999
2.5,0.453,0.453,0.0624999
2.5,0.454,0.454,0.0624999
2.5,0.455,0.455,0.0624999
2.5,0.456,0.456,0.0624999
2.5,0.457,0.457,0.0624999
2.5,0.458,0.458,0.0624999
2.58333,0.459,0.459,0.0645832
2.58333,0.46,0.46,0.0645832
2.58333,0.461,0.461,0.0645832
2.58333,0.462,0.462,0.0645832
2.58333,0.463,0.463,0.0645832
2.58333,0.464,0.464,0.0645832
2.58333,0.465,0.465,0.0645832
2.58333,0.466,0.466,0.0645832
2.58333,0.467,0.467,0.0645832
2.58333,0.468,0.468,0.0645832
2.58333,0.469,0.469,0.0645832
2.58333,0.47,0.47,0.0645832
2.66667,0.471,0.471,0.0666666
2.58333,0.472,0.472,0.0645832
2.58333,0.473,0.473,0.0645832
2.66667,0.474,0.474,0.0666666
2.66667,0.475,0.475,0.0666666
2.66667,0.476,0.476,0.0666666
2.66667,0.477,0.477,0.0666666
2.66667,0.478,0.478,0.0666666
2.66667,0.479,0.479,0.0666666
2.66667,0.48,0.48,0.0666666
2.66667,0.481,0.481,0.0666666
2.66667,0.482,0.482,0.0666666
2.66667,0.483,0.483,0.0666666
2.66667,0.484,0.484,0.0666666
2.66667,0.485,0.485,0.0666666
2.66667,0.486,0.486,0.0666666
2.66667,0.487,0.487,0.0666666
2.75,0.488,0.488,0.0687499
2.75,0.489,0.489,0.0687499
2.75,0.49,0.49,0.0687499
2.75,0.491,0.491,0.0687499
2.75,0.492,0.492,0.0687499
2.75,0.493,0.493,0.0687499
2.75,0.494,0.494,0.0687499
2.75,0.495,0.495,0.0687499
2.75,0.496,0.496,0.0687499
2.75,0.497,0.497,0.0687499
2.75,0.498,0.498,0.0687499
2.75,0.499,0.499,0.0687499
2.75,0.5,0.5,0.0687499
2.75,0.501,0.501,0.0687499
2.75,0.502,0.502,0.0687499
2.75,0.503,0.503,0.0687499
2.83333,0.504,0.504,0.0708332
2.83333,0.505,0.505,0.0708332
2.83333,0.506,0.506,0.0708332
2.83333,0.507,0.507,0.0708332
2.83333,0.508,0.508,0.0708332
2.77987,0.509,0.509,0.0694968
2.83333,0.51,0.51,0.0708332
2.83333,0.511,0.511,0.0708332
2.83333,0.512,0.512,0.0708332
2.83333,0.513,0.513,0.0708332
2.83333,0.514,0.514,0.0708332
2.83333,0.515,0.515,0.0708332
2.83333,0.516,0.516,0.0708332
2.83333,0.517,0.517,0.0708332
2.83333,0.518,0.518,0.0708332
2.83333,0.519,0.519,0.0708332
2.83333,0.52,0.52,0.0708332
2.83333,0.521,0.521,0.0708332
2.83333,0.522,0.522,0.0708332
2.91667,0.523,0.523,0.0729166
2.91667,0.524,0.524,0.0729166
2.91667,0.525,0.525,0.0729166
2.91667,0.526,0.526,0.0729166
2.91667,0.527,0.527,0.0729166
2.91667,0.528,0.528,0.0729166
2.91667,0.529,0.529,0.0729166
2.91667,0.53,0.53,0.0729166
2.91667,0.531,0.531,0.0729166
2.91667,0.532,0.532,0.0729166
2.91667,0.533,0.533,0.0729166
2.91667,0.534,0.534,0.0729166
2.91667,0.535,0.535,0.0729166
2.91667,0.536,0.536,0.0729166
2.91667,0.537,0.537,0.0729166
2.91667,0.538,0.538,0.0729166
3,0.539,0.539,0.0749999
2.98345,0.54,0.54,0.0745862
3,0.541,0.541,0.0749999
3,0.542,0.542,0.0749999
3,0.543,0.543,0.0749999
3,0.544,0.544,0.0749999
3,0.545,0.545,0.0749999
3,0.546,0.546,0.0749999
3,0.547,0.547,0.0749999
3,0.548,0.548,0.0749999
3,0.549,0.549,0.0749999
3,0.55,0.55,0.0749999
3,0.551,0.551,0.0749999
3,0.552,0.552,0.0749999
3,0.553,0.553,0.0749999
3,0.554,0.554,0.0749999
3,0.555,0.555,0.0749999
3,0.556,0.556,0.0749999
3,0.557,0.557,0.0749999
3.08333,0.558,0.558,0.0770832
3.08333,0.559,0.559,0.0770832
3.08333,0.56,0.56,0.0770832
3.08333,0.561,0.561,0.0770832
3.08333,0.562,0.562,0.0770832
3.08333,0.563,0.563,0.0770832
3.08333,0.564,0.564,0.0770832
3.08333,0.565,0.565,0.0770832
3.08333,0.566,0.566,0.0770832
3.08333,0.567,0.567,0.0770832
3.08333,0.568,0.568,0.0770832
3.08333,0.569,0.569,0.0770832
3.08333,0.57,0.57,0.0770832
3.16667,0.571,0.571,0.0791665
3.16667,0.572,0.572,0.0791665
3.13694,0.573,0.573,0.0784234
3.11108,0.574,0.574,0.0777768
3.16667,0.575,0.575,0.0791665
3.16667,0.576,0.576,0.0791665
3.16667,0.577,0.577,0.0791665
3.16667,0.578,0.578,0.0791665
3.16667,0.579,0.579,0.0791665
3.16667,0.58,0.58,0.0791665
3.16667,0.581,0.581,0.0791665
3.16667,0.582,0.582,0.0791665
3.16667,0.583,0.583,0.0791665
3.16667,0.584,0.584,0.0791665
3.16667,0.585,0.585,0.0791665
3.16667,0.586,0.586,0.0791665
3.25,0.587,0.587,0.0812499
3.25,0.588,0.588,0.0812499
3.25,0.589,0.589,0.0812499
3.25,0.59,0.59,0.0812499
3.25,0.591,0.591,0.0812499
3.25,0.592,0.592,0.0812499
3.25,0.593,0.593,0.0812499
3.25,0.594,0.594,0.0812499
3.25,0.595,0.595,0.0812499
3.25,0.596,0.596,0.0812499
3.25,0.597,0.597,0.0812499
3.25,0.598,0.598,0.0812499
3.25,0.599,0.599,0.0812499
3.25,0.6,0.6,0.0812499
3.25,0.601,0.601,0.0812499
3.25,0.602,0.602,0.0812499
3.3013,0.603,0.603,0.0825323
3.32622,0.604,0.604,0.0831553
3.33333,0.605,0.605,0.0833332
3.33333,0.606,0.606,0.0833332
3.33333,0.607,0.607,0.0833332
3.33333,0.608,0.608,0.0833332
3.33333,0.609,0.609,0.0833332
3.33333,0.61,0.61,0.0833332
3.33333,0.611,0.611,0.0833332
3.33333,0.612,0.612,0.0833332
3.33333,0.613,0.613,0.0833332
3.33333,0.614,0.614,0.0833332
3.33333,0.615,0.615,0.0833332
3.38393,0.616,0.616,0.0845981
3.33333,0.617,0.617,0.0833332
3.41667,0.618,0.618,0.0854165
3.41667,0.619,0.619,0.0854165
3.41667,0.62,0.62,0.0854165
3.41667,0.621,0.621,0.0854165
3.41667,0.622,0.622,0.0854165
3.41667,0.623,0.623,0.0854165
3.41667,0.624,0.624,0.0854165
3.41667,0.625,0.625,0.0854165
3.41667,0.626,0.626,0.0854165
3.41667,0.627,0.627,0.0854165
3.41667,0.628,0.628,0.0854165
3.41667,0.629,0.629,0.0854165
3.41667,0.63,0.63,0.0854165
3.5,0.631,0.631,0.0874999
3.5,0.632,0.632,0.0874999
3.5,0.633,0.633,0.0874999
3.5,0.634,0.634,0.0874999
3.5,0.635,0.635,0.0874999
3.5,0.636,0.636,0.0874999
3.5,0.637,0.637,0.0874999
3.5,0.638,0.638,0.0874999
3.5,0.639,0.639,0.0874999
3.5,0.64,0.64,0.0874999
3.5,0.641,0.641,0.0874999
3.55119,0.642,0.642,0.0887796
3.5,0.643,0.643,0.0874999
3.5,0.644,0.644,0.0874999
3.58333,0.645,0.645,0.0895832
3.58333,0.646,0.646,0.0895832
3.5,0.647,0.647,0.0874999
3.58333,0.648,0.648,0.0895832
3.5,0.649,0.649,0.0874999
3.58333,0.65,0.65,0.0895832
3.58333,0.651,0.651,0.0895832
3.58333,0.652,0.652,0.0895832
3.58333,0.653,0.653,0.0895832
3.58333,0.654,0.654,0.0895832
3.58333,0.655,0.655,0.0895832
3.58333,0.656,0.656,0.0895832
3.58333,0.657,0.657,0.0895832
3.58333,0.658,0.658,0.0895832
3.66667,0.659,0.659,0.0916665
3.59637,0.66,0.66,0.089909
3.58333,0.661,0.661,0.0895832
3.66667,0.662,0.662,0.0916665
3.66667,0.663,0.663,0.0916665
3.66667,0.664,0.664,0.0916665
3.66667,0.665,0.665,0.0916665
3.66667,0.666,0.666,0.0916665
3.66667,0.667,0.667,0.0916665
3.66667,0.668,0.668,0.0916665
3.66667,0.669,0.669,0.0916665
3.66667,0.67,0.67,0.0916665
3.66667,0.671,0.671,0.0916665
3.66667,0.672,0.672,0.0916665
3.66667,0.673,0.673,0.0916665
3.71073,0.674,0.674,0.092768
3.75,0.675,0.675,0.0937499
3.75,0.676,0.676,0.0937499
3.75,0.677,0.677,0.0937499
3.75,0.678,0.678,0.0937499
3.75,0.679,0.679,0.0937499
3.75,0.68,0.68,0.0937499
3.75,0.681,0.681,0.0937499
3.75,0.682,0.682,0.0937499
3.75,0.683,0.683,0.0937499
3.75,0.684,0.684,0.0937499
3.75,0.685,0.685,0.0937499
3.75,0.686,0.686,0.0937499
3.75,0.687,0.687,0.0937499
3.75,0.688,0.688,0.0937499
3.83333,0.689,0.689,0.0958332
3.83333,0.69,0.69,0.0958332
3.75,0.691,0.691,0.0937499
3.83197,0.692,0.692,0.0957992
3.83333,0.693,0.693,0.0958332
3.83333,0.694,0.694,0.0958332
3.75,0.695,0.695,0.0937499
3.83333,0.696,0.696,0.0958332
3.83333,0.697,0.697,0.0958332
3.83333,0.698,0.698,0.0958332
3.83333,0.699,0.699,0.0958332
3.83333,0.7,0.7,0.0958332
3.83333,0.701,0.701,0.0958332
3.83333,0.702,0.702,0.0958332
3.83333,0.703,0.703,0.0958332
3.83333,0.704,0.704,0.0958332
3.83333,0.705,0.705,0.0958332
3.83333,0.706,0.706,0.0958332
3.83333,0.707,0.707,0.0958332
3.91667,0.708,0.708,0.0979165
3.91667,0.709,0.709,0.0979165
3.88015,0.71,0.71,0.0970036
3.91667,0.711,0.711,0.0979165
3.91667,0.712,0.712,0.0979165
3.91667,0.713,0.713,0.0979165
3.91667,0.714,0.714,0.0979165
3.91667,0.715,0.715,0.0979165
3.91667,0.716,0.716,0.0979165
3.91667,0.717,0.717,0.0979165
3.91667,0.718,0.718,0.0979165
3.91667,0.719,0.719,0.0979165
3.91667,0.72,0.72,0.0979165
3.91667,0.721,0.721,0.0979165
3.91667,0.722,0.722,0.0979165
3.91667,0.723,0.723,0.0979165
3.91667,0.724,0.724,0.0979165
4,0.725,0.725,0.0999998
4,0.726,0.726,0.0999998
3.91667,0.727,0.727,0.0979165
4,0.728,0.728,0.0999998
4,0.729,0.729,0.0999998
4,0.73,0.73,0.0999998
4,0.731,0.731,0.0999998
4,0.732,0.732,0.0999998
4,0.733,0.733,0.0999998
4,0.734,0.734,0.0999998
4,0.735,0.735,0.0999998
4,0.736,0.736,0.0999998
4,0.737,0.737,0.0999998
4,0.738,0.738,0.0999998
4,0.739,0.739,0.0999998
4,0.74,0.74,0.0999998
4.08333,0.741,0.741,0.102083
4.08333,0.742,0.742,0.102083
4.08333,0.743,0.743,0.102083
4.08333,0.744,0.744,0.102083
4.08333,0.745,0.745,0.102083
4.08333,0.746,0.746,0.102083
4.08333,0.747,0.747,0.102083
4.08333,0.748,0.748,0.102083
4.08333,0.749,0.749,0.102083
4.08333,0.75,0.75,0.102083
4.16667,0.751,0.751,0.104167
4.1251,0.752,0.752,0.103127
4.15036,0.753,0.753,0.103759
4.16667,0.754,0.754,0.104167
4.16667,0.755,0.755,0.104167
4.16667,0.756,0.756,0.104167
4.16667,0.757,0.757,0.104167
4.16667,0.758,0.758,0.104167
4.16667,0.759,0.759,0.104167
4.16667,0.76,0.76,0.104167
4.16667,0.761,0.761,0.104167
4.16667,0.762,0.762,0.104167
4.16667,0.763,0.763,0.104167
4.16667,0.764,0.764,0.104167
4.16667,0.765,0.765,0.104167
4.16667,0.766,0.766,0.104167
4.16667,0.767,0.767,0.104167
4.16667,0.768,0.768,0.104167
4.16667,0.769,0.769,0.104167
4.25,0.77,0.77,0.10625
4.16667,0.771,0.771,0.104167
4.25,0.772,0.772,0.10625
4.25,0.773,0.773,0.10625
4.25,0.774,0.774,0.10625
4.25,0.775,0.775,0.10625
4.25,0.776,0.776,0.10625
4.25,0.777,0.777,0.10625
4.25,0.778,0.778,0.10625
4.25,0.779,0.779,0.10625
4.25,0.78,0.78,0.10625
4.25,0.781,0.781,0.10625
4.25,0.782,0.782,0.10625
4.25,0.783,0.783,0.10625
4.25,0.784,0.784,0.10625
4.25,0.785,0.785,0.10625
4.25,0.786,0.786,0.10625
4.33333,0.787,0.787,0.108333
4.33333,0.788,0.788,0.108333
4.33333,0.789,0.789,0.108333
4.33333,0.79,0.79,0.108333
4.33333,0.791,0.791,0.108333
4.33333,0.792,0.792,0.108333
4.33333,0.793,0.793,0.108333
4.33333,0.794,0.794,0.108333
4.33333,0.795,0.795,0.108333
4.33333,0.796,0.796,0.108333
4.33333,0.797,0.797,0.108333
4.33333,0.798,0.798,0.108333
4.33333,0.799,0.799,0.108333
4.33333,0.8,0.8,0.108333
4.33333,0.801,0.801,0.108333
4.33333,0.802,0.802,0.108333
4.33333,0.803,0.803,0.108333
4.33333,0.804,0.804,0.108333
4.41667,0.805,0.805,0.110417
4.41667,0.806,0.806,0.110417
4.41667,0.807,0.807,0.110417
4.41667,0.808,0.808,0.110417
4.41667,0.809,0.809,0.110417
4.41667,0.81,0.81,0.110417
4.41667,0.811,0.811,0.110417
4.41667,0.812,0.812,0.110417
4.41667,0.813,0.813,0.110417
4.41667,0.814,0.814,0.110417
4.41667,0.815,0.815,0.110417
4.41667,0.816,0.816,0.110417
4.45662,0.817,0.817,0.111415
4.43069,0.818,0.818,0.110767
4.41667,0.819,0.819,0.110417
4.5,0.82,0.82,0.1125
4.41667,0.821,0.821,0.110417
4.41667,0.822,0.822,0.110417
4.5,0.823,0.823,0.1125
4.5,0.824,0.824,0.1125
4.5,0.825,0.825,0.1125
4.5,0.826,0.826,0.1125
4.5,0.827,0.827,0.1125
4.5,0.828,0.828,0.1125
4.5,0.829,0.829,0.1125
4.5,0.83,0.83,0.1125
4.5,0.831,0.831,0.1125
4.5,0.832,0.832,0.1125
4.5,0.833,0.833,0.1125
4.58333,0.834,0.834,0.114583
4.5,0.835,0.835,0.1125
4.58333,0.836,0.836,0.114583
4.58333,0.837,0.837,0.114583
4.58333,0.838,0.838,0.114583
4.5,0.839,0.839,0.1125
4.5,0.84,0.84,0.1125
4.58333,0.841,0.841,0.114583
4.58333,0.842,0.842,0.114583
4.58333,0.843,0.843,0.114583
4.58333,0.844,0.844,0.114583
4.58333,0.845,0.845,0.114583
4.58333,0.846,0.846,0.114583
4.58333,0.847,0.847,0.114583
4.58333,0.848,0.848,0.114583
4.58333,0.849,0.849,0.114583
4.58333,0.85,0.85,0.114583
4.58333,0.851,0.851,0.114583
4.58333,0.852,0.852,0.114583
4.66667,0.853,0.853,0.116666
4.66667,0.854,0.854,0.116666
4.66667,0.855,0.855,0.116666
4.66667,0.856,0.856,0.116666
4.66667,0.857,0.857,0.116666
4.66667,0.858,0.858,0.116666
4.66667,0.859,0.859,0.116666
4.66667,0.86,0.86,0.116666
4.66667,0.861,0.861,0.116666
4.66667,0.862,0.862,0.116666
4.66667,0.863,0.863,0.116666
4.66667,0.864,0.864,0.116666
4.66667,0.865,0.865,0.116666
4.66667,0.866,0.866,0.116666
4.66667,0.867,0.867,0.116666
4.68595,0.868,0.868,0.117149
4.75,0.869,0.869,0.11875
4.75,0.87,0.87,0.11875
4.66667,0.871,0.871,0.116666
4.70509,0.872,0.872,0.117627
4.66667,0.873,0.873,0.116666
4.75,0.874,0.874,0.11875
4.75,0.875,0.875,0.11875
4.75,0.876,0.876,0.11875
4.75,0.877,0.877,0.11875
4.75,0.878,0.878,0.11875
4.75,0.879,0.879,0.11875
4.83333,0.88,0.88,0.120833
4.75,0.881,0.881,0.11875
4.79578,0.882,0.882,0.119894
4.75,0.883,0.883,0.11875
4.75,0.884,0.884,0.11875
4.83333,0.885,0.885,0.120833
4.83333,0.886,0.886,0.120833
4.83333,0.887,0.887,0.120833
4.83333,0.888,0.888,0.120833
4.83333,0.889,0.889,0.120833
4.83333,0.89,0.89,0.120833
4.83333,0.891,0.891,0.120833
4.83333,0.892,0.892,0.120833
4.83333,0.893,0.893,0.120833
4.83333,0.894,0.894,0.120833
4.83333,0.895,0.895,0.120833
4.83333,0.896,0.896,0.120833
4.91667,0.897,0.897,0.122916
4.83333,0.898,0.898,0.120833
4.90125,0.899,0.899,0.122531
4.83333,0.9,0.9,0.120833
4.83333,0.901,0.901,0.120833
4.83333,0.902,0.902,0.120833
4.91667,0.903,0.903,0.122916
4.91667,0.904,0.904,0.122916
4.91667,0.905,0.905,0.122916
4.91667,0.906,0.906,0.122916
4.91667,0.907,0.907,0.122916
4.91667,0.908,0.908,0.122916
4.91667,0.909,0.909,0.122916
4.91667,0.91,0.91,0.122916
4.91667,0.911,0.911,0.122916
5,0.912,0.912,0.125
5,0.913,0.913,0.125
5,0.914,0.914,0.125
5,0.915,0.915,0.125
5,0.916,0.916,0.125
5,0.917,0.917,0.125
5,0.918,0.918,0.125
5,0.919,0.919,0.125
5,0.92,0.92,0.125
5,0.921,0.921,0.125
5,0.922,0.922,0.125
5,0.923,0.923,0.125
5,0.924,0.924,0.125
5,0.925,0.925,0.125
5,0.926,0.926,0.125
5,0.927,0.927,0.125
5,0.928,0.928,0.125
5,0.929,0.929,0.125
5,0.93,0.93,0.125
5.08333,0.931,0.931,0.127083
5.08333,0.932,0.932,0.127083
5.08333,0.933,0.933,0.127083
5.08333,0.934,0.934,0.127083
5.08333,0.935,0.935,0.127083
5.08333,0.936,0.936,0.127083
5.08333,0.937,0.937,0.127083
5.08333,0.938,0.938,0.127083
5.08333,0.939,0.939,0.127083
5.08333,0.94,0.94,0.127083
5.08333,0.941,0.941,0.127083
5.08333,0.942,0.942,0.127083
5.08333,0.943,0.943,0.127083
5.08333,0.944,0.944,0.127083
5.08333,0.945,0.945,0.127083
5.08333,0.946,0.946,0.127083
5.16667,0.947,0.947,0.129166
5.16667,0.948,0.948,0.129166
5.16667,0.949,0.949,0.129166
5.16667,0.95,0.95,0.129166
5.16667,0.951,0.951,0.129166
5.16667,0.952,0.952,0.129166
5.16667,0.953,0.953,0.129166
5.16667,0.954,0.954,0.129166
5.16667,0.955,0.955,0.129166
5.16667,0.956,0.956,0.129166
5.16667,0.957,0.957,0.129166
5.16667,0.958,0.958,0.129166
5.22835,0.959,0.959,0.130709
5.16667,0.96,0.96,0.129166
5.16667,0.961,0.961,0.129166
5.16667,0.962,0.962,0.129166
5.16667,0.963,0.963,0.129166
5.25,0.964,0.964,0.13125
5.25,0.965,0.965,0.13125
5.25,0.966,0.966,0.13125
5.25,0.967,0.967,0.13125
5.25,0.968,0.968,0.13125
5.25,0.969,0.969,0.13125
5.25,0.97,0.97,0.13125
5.25,0.971,0.971,0.13125
5.25,0.972,0.972,0.13125
5.25,0.973,0.973,0.13125
5.25,0.974,0.974,0.13125
5.31756,0.975,0.975,0.132939
5.29152,0.976,0.976,0.132288
5.25,0.977,0.977,0.13125
5.33333,0.978,0.978,0.133333
5.33333,0.979,0.979,0.133333
5.33333,0.98,0.98,0.133333
5.33333,0.981,0.981,0.133333
5.33333,0.982,0.982,0.133333
5.33333,0.983,0.983,0.133333
5.33333,0.984,0.984,0.133333
5.33333,0.985,0.985,0.133333
5.33333,0.986,0.986,0.133333
5.33333,0.987,0.987,0.133333
5.33333,0.988,0.988,0.133333
5.33333,0.989,0.989,0.133333
5.33333,0.99,0.99,0.133333
5.41667,0.991,0.991,0.135416
5.41667,0.992,0.992,0.135416
5.33333,0.993,0.993,0.133333
5.3369,0.994,0.994,0.133422
5.41667,0.995,0.995,0.135416
5.41667,0.996,0.996,0.135416
5.41667,0.997,0.997,0.135416
5.41667,0.998,0.998,0.135416
5.41667,0.999,0.999,0.135416
5.41667,1,1,0.135416
5.41667,1.001,1.001,0.135416
5.41667,1.002,1.002,0.135416
5.41667,1.003,1.003,0.135416
5.41667,1.004,1.004,0.135416
5.41667,1.005,1.005,0.135416
5.41667,1.006,1.006,0.135416
5.41667,1.007,1.007,0.135416
5.5,1.008,1.008,0.1375
5.5,1.009,1.009,0.1375
5.5,1.01,1.01,0.1375
5.41667,1.011,1.011,0.135416
5.5,1.012,1.012,0.1375
5.5,1.013,1.013,0.1375
5.5,1.014,1.014,0.1375
5.5,1.015,1.015,0.1375
5.5,1.016,1.016,0.1375
5.5,1.017,1.017,0.1375
5.5,1.018,1.018,0.1375
5.5,1.019,1.019,0.1375
5.5,1.02,1.02,0.1375
5.5,1.021,1.021,0.1375
5.58333,1.022,1.022,0.139583
5.5,1.023,1.023,0.1375
5.5,1.024,1.024,0.1375
5.58333,1.025,1.025,0.139583
5.58333,1.026,1.026,0.139583
5.58333,1.027,1.027,0.139583
5.58333,1.028,1.028,0.139583
5.58333,1.029,1.029,0.139583
5.58333,1.03,1.03,0.139583
5.58333,1.031,1.031,0.139583
5.58333,1.032,1.032,0.139583
5.58333,1.033,1.033,0.139583
5.58333,1.034,1.034,0.139583
5.58333,1.035,1.035,0.139583
5.58333,1.036,1.036,0.139583
5.58333,1.037,1.037,0.139583
5.58333,1.038,1.038,0.139583
5.58333,1.039,1.039,0.139583
5.58333,1.04,1.04,0.139583
5.66667,1.041,1.041,0.141666
5.66667,1.042,1.042,0.141666
5.58333,1.043,1.043,0.139583
5.62658,1.044,1.044,0.140664
5.58333,1.045,1.045,0.139583
5.66667,1.046,1.046,0.141666
5.66667,1.047,1.047,0.141666
5.66667,1.048,1.048,0.141666
5.66667,1.049,1.049,0.141666
5.66667,1.05,1.05,0.141666
5.66667,1.051,1.051,0.141666
5.66667,1.052,1.052,0.141666
5.66667,1.053,1.053,0.141666
5.66667,1.054,1.054,0.141666
5.66667,1.055,1.055,0.141666
5.66667,1.056,1.056,0.141666
5.66667,1.057,1.057,0.141666
5.66667,1.058,1.058,0.141666
5.66667,1.059,1.059,0.141666
5.66667,1.06,1.06,0.141666
5.69005,1.061,1.061,0.142251
5.75,1.062,1.062,0.14375
5.75,1.063,1.063,0.14375
5.75,1.064,1.064,0.14375
5.75,1.065,1.065,0.14375
5.75,1.066,1.066,0.14375
5.75,1.067,1.067,0.14375
5.75,1.068,1.068,0.14375
5.75,1.069,1.069,0.14375
5.75,1.07,1.07,0.14375
5.75,1.071,1.071,0.14375
5.75,1.072,1.072,0.14375
5.75,1.073,1.073,0.14375
5.83333,1.074,1.074,0.145833
5.83333,1.075,1.075,0.145833
5.83333,1.076,1.076,0.145833
5.83333,1.077,1.077,0.145833
5.83333,1.078,1.078,0.145833
5.75,1.079,1.079,0.14375
5.83333,1.08,1.08,0.145833
5.83333,1.081,1.081,0.145833
5.83333,1.082,1.082,0.145833
5.83333,1.083,1.083,0.145833
5.83333,1.084,1.084,0.145833
5.83333,1.085,1.085,0.145833
5.83333,1.086,1.086,0.145833
5.91667,1.087,1.087,0.147916
5.83333,1.088,1.088,0.145833
5.83333,1.089,1.089,0.145833
5.83333,1.09,1.09,0.145833
5.83333,1.091,1.091,0.145833
5.85571,1.092,1.092,0.146393
5.88725,1.093,1.093,0.147181
5.91667,1.094,1.094,0.147916
5.91667,1.095,1.095,0.147916
5.91667,1.096,1.096,0.147916
5.91667,1.097,1.097,0.147916
5.91667,1.098,1.098,0.147916
5.91667,1.099,1.099,0.147916
5.91667,1.1,1.1,0.147916
5.91667,1.101,1.101,0.147916
5.91667,1.102,1.102,0.147916
5.91667,1.103,1.103,0.147916
5.91667,1.104,1.104,0.147916
5.91667,1.105,1.105,0.147916
5.91667,1.106,1.106,0.147916
5.91667,1.107,1.107,0.147916
5.91667,1.108,1.108,0.147916
6,1.109,1.109,0.15
6,1.11,1.11,0.15
6,1.111,1.111,0.15
6,1.112,1.112,0.15
6,1.113,1.113,0.15
6,1.114,1.114,0.15
6,1.115,1.115,0.15
6,1.116,1.116,0.15
6,1.117,1.117,0.15
6,1.118,1.118,0.15
6,1.119,1.119,0.15
6.08333,1.12,1.12,0.152083
6.08333,1.121,1.121,0.152083
6.04113,1.122,1.122,0.151028
6.0419,1.123,1.123,0.151047
6.08333,1.124,1.124,0.152083
6.08333,1.125,1.125,0.152083
6.08333,1.126,1.126,0.152083
6.08333,1.127,1.127,0.152083
6.08333,1.128,1.128,0.152083
6.08333,1.129,1.129,0.152083
6.08333,1.13,1.13,0.152083
6.08333,1.131,1.131,0.152083
6.08333,1.132,1.132,0.152083
6.08333,1.133,1.133,0.152083
6.08333,1.134,1.134,0.152083
6.16667,1.135,1.135,0.154166
6.16667,1.136,1.136,0.154166
6.09384,1.137,1.137,0.152346
6.08333,1.138,1.138,0.152083
6.16667,1.139,1.139,0.154166
6.16667,1.14,1.14,0.154166
6.16667,1.141,1.141,0.154166
6.16667,1.142,1.142,0.154166
6.16667,1.143,1.143,0.154166
6.16667,1.144,1.144,0.154166
6.16667,1.145,1.145,0.154166
6.16667,1.146,1.146,0.154166
6.16667,1.147,1.147,0.154166
6.16667,1.148,1.148,0.154166
6.16667,1.149,1.149,0.154166
6.16667,1.15,1.15,0.154166
6.25,1.151,1.151,0.15625
6.25,1.152,1.152,0.15625
6.19573,1.153,1.153,0.154893
6.25,1.154,1.154,0.15625
6.25,1.155,1.155,0.15625
6.25,1.156,1.156,0.15625
6.25,1.157,1.157,0.15625
6.25,1.158,1.158,0.15625
6.25,1.159,1.159,0.15625
6.25,1.16,1.16,0.15625
6.25,1.161,1.161,0.15625
6.25,1.162,1.162,0.15625
6.25,1.163,1.163,0.15625
6.25,1.164,1.164,0.15625
6.27063,1.165,1.165,0.156766
6.25,1.166,1.166,0.15625
6.33333,1.167,1.167,0.158333
6.33333,1.168,1.168,0.158333
6.33333,1.169,1.169,0.158333
6.33333,1.17,1.17,0.158333
6.33333,1.171,1.171,0.158333
6.33333,1.172,1.172,0.158333
6.33333,1.173,1.173,0.158333
6.33333,1.174,1.174,0.158333
6.33333,1.175,1.175,0.158333
6.33333,1.176,1.176,0.158333
6.33333,1.177,1.177,0.158333
6.33333,1.178,1.178,0.158333
6.33333,1.179,1.179,0.158333
6.41667,1.18,1.18,0.160416
6.36,1.181,1.181,0.159
6.33333,1.182,1.182,0.158333
6.33333,1.183,1.183,0.158333
6.41667,1.184,1.184,0.160416
6.41667,1.185,1.185,0.160416
6.41667,1.186,1.186,0.160416
6.41667,1.187,1.187,0.160416
6.41667,1.188,1.188,0.160416
6.41667,1.189,1.189,0.160416
6.41667,1.19,1.19,0.160416
6.41667,1.191,1.191,0.160416
6.41667,1.192,1.192,0.160416
6.41667,1.193,1.193,0.160416
6.41667,1.194,1.194,0.160416
6.5,1.195,1.195,0.1625
6.5,1.196,1.196,0.1625
6.46745,1.197,1.197,0.161686
6.41667,1.198,1.198,0.160416
6.48076,1.199,1.199,0.162019
6.47298,1.2,1.2,0.161824
6.41667,1.201,1.201,0.160416
6.5,1.202,1.202,0.1625
6.5,1.203,1.203,0.1625
6.5,1.204,1.204,0.1625
6.5,1.205,1.205,0.1625
6.5,1.206,1.206,0.1625
6.5,1.207,1.207,0.1625
6.5,1.208,1.208,0.1625
6.5,1.209,1.209,0.1625
6.5,1.21,1.21,0.1625
6.5,1.211,1.211,0.1625
6.5,1.212,1.212,0.1625
6.5,1.213,1.213,0.1625
6.5,1.214,1.214,0.1625
6.58333,1.215,1.215,0.164583
6.5,1.216,1.216,0.1625
6.58333,1.217,1.217,0.164583
6.58333,1.218,1.218,0.164583
6.58333,1.219,1.219,0.164583
6.58333,1.22,1.22,0.164583
6.58333,1.221,1.221,0.164583
6.58333,1.222,1.222,0.164583
6.58333,1.223,1.223,0.164583
6.58333,1.224,1.224,0.164583
6.58333,1.225,1.225,0.164583
6.58333,1.226,1.226,0.164583
6.66667,1.227,1.227,0.166666
6.58333,1.228,1.228,0.164583
6.58333,1.229,1.229,0.164583
6.66667,1.23,1.23,0.166666
6.66667,1.231,1.231,0.166666
6.66667,1.232,1.232,0.166666
6.66667,1.233,1.233,0.166666
6.66667,1.234,1.234,0.166666
6.66667,1.235,1.235,0.166666
6.66667,1.236,1.236,0.166666
6.66667,1.237,1.237,0.166666
6.66667,1.238,1.238,0.166666
6.66667,1.239,1.239,0.166666
6.66667,1.24,1.24,0.166666
6.66667,1.241,1.241,0.166666
6.66667,1.242,1.242,0.166666
6.66667,1.243,1.243,0.166666
6.66667,1.244,1.244,0.166666
6.75,1.245,1.245,0.16875
6.69118,1.246,1.246,0.167279
6.75,1.247,1.247,0.16875
6.75,1.248,1.248,0.16875
6.75,1.249,1.249,0.16875
6.75,1.25,1.25,0.16875
6.75,1.251,1.251,0.16875
6.75,1.252,1.252,0.16875
6.75,1.253,1.253,0.16875
6.75,1.254,1.254,0.16875
6.75,1.255,1.255,0.16875
6.75,1.256,1.256,0.16875
6.75,1.257,1.257,0.16875
6.75,1.258,1.258,0.16875
6.83333,1.259,1.259,0.170833
6.83333,1.26,1.26,0.170833
6.83333,1.261,1.261,0.170833
6.83333,1.262,1.262,0.170833
6.83333,1.263,1.263,0.170833
6.83333,1.264,1.264,0.170833
6.83333,1.265,1.265,0.170833
6.83333,1.266,1.266,0.170833
6.83333,1.267,1.267,0.170833
6.83333,1.268,1.268,0.170833
6.83333,1.269,1.269,0.170833
6.83333,1.27,1.27,0.170833
6.83333,1.271,1.271,0.170833
6.83333,1.272,1.272,0.170833
6.91667,1.273,1.273,0.172916
6.91667,1.274,1.274,0.172916
6.88628,1.275,1.275,0.172157
6.83333,1.276,1.276,0.170833
6.91667,1.277,1.277,0.172916
6.91667,1.278,1.278,0.172916
6.91667,1.279,1.279,0.172916
6.91667,1.28,1.28,0.172916
6.91667,1.281,1.281,0.172916
6.91667,1.282,1.282,0.172916
6.91667,1.283,1.283,0.172916
6.91667,1.284,1.284,0.172916
6.91667,1.285,1.285,0.172916
6.91667,1.286,1.286,0.172916
6.91667,1.287,1.287,0.172916
6.91667,1.288,1.288,0.172916
6.92104,1.289,1.289,0.173026
6.97854,1.29,1.29,0.174463
7,1.291,1.291,0.175
7,1.292,1.292,0.175
7,1.293,1.293,0.175
7,1.294,1.294,0.175
7,1.295,1.295,0.175
7,1.296,1.296,0.175
7,1.297,1.297,0.175
7,1.298,1.298,0.175
7,1.299,1.299,0.175
7,1.3,1.3,0.175
7,1.301,1.301,0.175
7,1.302,1.302,0.175
7,1.303,1.303,0.175
7,1.304,1.304,0.175
7,1.305,1.305,0.175
7.08333,1.306,1.306,0.177083
7,1.307,1.307,0.175
7.08333,1.308,1.308,0.177083
7.08333,1.309,1.309,0.177083
7.08333,1.31,1.31,0.177083
7.08333,1.311,1.311,0.177083
7.08333,1.312,1.312,0.177083
7.08333,1.313,1.313,0.177083
7.08333,1.314,1.314,0.177083
7.08333,1.315,1.315,0.177083
7.08333,1.316,1.316,0.177083
7.08333,1.317,1.317,0.177083
7.08333,1.318,1.318,0.177083
7.08333,1.319,1.319,0.177083
7.08333,1.32,1.32,0.177083
7.08333,1.321,1.321,0.177083
7.08333,1.322,1.322,0.177083
7.08333,1.323,1.323,0.177083
7.16667,1.324,1.324,0.179166
7.08333,1.325,1.325,0.177083
7.16667,1.326,1.326,0.179166
7.08333,1.327,1.327,0.177083
7.16667,1.328,1.328,0.179166
7.16667,1.329,1.329,0.179166
7.16667,1.33,1.33,0.179166
7.16667,1.331,1.331,0.179166
7.16667,1.332,1.332,0.179166
7.16667,1.333,1.333,0.179166
7.16667,1.334,1.334,0.179166
7.16667,1.335,1.335,0.179166
7.16667,1.336,1.336,0.179166
7.16667,1.337,1.337,0.179166
7.16667,1.338,1.338,0.179166
7.16667,1.339,1.339,0.179166
7.16667,1.34,1.34,0.179166
7.25,1.341,1.341,0.18125
7.25,1.342,1.342,0.18125
7.16667,1.343,1.343,0.179166
7.16667,1.344,1.344,0.179166
7.25,1.345,1.345,0.18125
7.25,1.346,1.346,0.18125
7.25,1.347,1.347,0.18125
7.25,1.348,1.348,0.18125
7.25,1.349,1.349,0.18125
7.25,1.35,1.35,0.18125
7.25,1.351,1.351,0.18125
7.25,1.352,1.352,0.18125
7.25,1.353,1.353,0.18125
7.25,1.354,1.354,0.18125
7.33333,1.355,1.355,0.183333
7.25,1.356,1.356,0.18125
7.25,1.357,1.357,0.18125
7.33333,1.358,1.358,0.183333
7.33333,1.359,1.359,0.183333
7.33333,1.36,1.36,0.183333
7.33333,1.361,1.361,0.183333
7.33333,1.362,1.362,0.183333
7.33333,1.363,1.363,0.183333
7.33756,1.364,1.364,0.183439
7.33333,1.365,1.365,0.183333
7.41667,1.366,1.366,0.185416
7.41471,1.367,1.367,0.185367
7.33333,1.368,1.368,0.183333
7.41667,1.369,1.369,0.185416
7.41667,1.37,1.37,0.185416
7.41667,1.371,1.371,0.185416
7.41667,1.372,1.372,0.185416
7.41667,1.373,1.373,0.185416
7.41667,1.374,1.374,0.185416
7.41667,1.375,1.375,0.185416
7.41667,1.376,1.376,0.185416
7.41667,1.377,1.377,0.185416
7.41667,1.378,1.378,0.185416
7.41667,1.379,1.379,0.185416
7.41667,1.38,1.38,0.185416
7.41667,1.381,1.381,0.185416
7.44977,1.382,1.382,0.186244
7.5,1.383,1.383,0.1875
7.5,1.384,1.384,0.1875
7.5,1.385,1.385,0.1875
7.5,1.386,1.386,0.1875
7.5,1.387,1.387,0.1875
7.5,1.388,1.388,0.1875
7.5,1.389,1.389,0.1875
7.5,1.39,1.39,0.1875
7.5,1.391,1.391,0.1875
7.5,1.392,1.392,0.1875
7.5,1.393,1.393,0.1875
7.5,1.394,1.394,0.1875
7.5,1.395,1.395,0.1875
7.5,1.396,1.396,0.1875
7.5,1.397,1.397,0.1875
7.5,1.398,1.398,0.1875
7.5,1.399,1.399,0.1875
7.5,1.4,1.4,0.1875
7.58333,1.401,1.401,0.189583
7.58333,1.402,1.402,0.189583
7.58333,1.403,1.403,0.189583
7.58333,1.404,1.404,0.189583
7.5,1.405,1.405,0.1875
7.58333,1.406,1.406,0.189583
7.58333,1.407,1.407,0.189583
7.58333,1.408,1.408,0.189583
7.58333,1.409,1.409,0.189583
7.58333,1.41,1.41,0.189583
7.58333,1.411,1.411,0.189583
7.58333,1.412,1.412,0.189583
7.58333,1.413,1.413,0.189583
7.58333,1.414,1.414,0.189583
7.58333,1.415,1.415,0.189583
7.58333,1.416,1.416,0.189583
7.58333,1.417,1.417,0.189583
7.58333,1.418,1.418,0.189583
7.58333,1.419,1.419,0.189583
7.58333,1.42,1.42,0.189583
7.66667,1.421,1.421,0.191666
7.66667,1.422,1.422,0.191666
7.66667,1.423,1.423,0.191666
7.6282,1.424,1.424,0.190705
7.66667,1.425,1.425,0.191666
7.58333,1.426,1.426,0.189583
7.66667,1.427,1.427,0.191666
7.66667,1.428,1.428,0.191666
7.66667,1.429,1.429,0.191666
7.66667,1.43,1.43,0.191666
7.66667,1.431,1.431,0.191666
7.66667,1.432,1.432,0.191666
7.66667,1.433,1.433,0.191666
7.66667,1.434,1.434,0.191666
7.66667,1.435,1.435,0.191666
7.66667,1.436,1.436,0.191666
7.66667,1.437,1.437,0.191666
7.66667,1.438,1.438,0.191666
7.66667,1.439,1.439,0.191666
7.75,1.44,1.44,0.19375
7.75,1.441,1.441,0.19375
7.75,1.442,1.442,0.19375
7.75,1.443,1.443,0.19375
7.75,1.444,1.444,0.19375
7.75,1.445,1.445,0.19375
7.75,1.446,1.446,0.19375
7.75,1.447,1.447,0.19375
7.75,1.448,1.448,0.19375
7.75,1.449,1.449,0.19375
7.75,1.45,1.45,0.19375
7.75,1.451,1.451,0.19375
7.75,1.452,1.452,0.19375
7.75,1.453,1.453,0.19375
7.75,1.454,1.454,0.19375
7.75,1.455,1.455,0.19375
7.83333,1.456,1.456,0.195833
7.83333,1.457,1.457,0.195833
7.83333,1.458,1.458,0.195833
7.83333,1.459,1.459,0.195833
7.83333,1.46,1.46,0.195833
7.83333,1.461,1.461,0.195833
7.83333,1.462,1.462,0.195833
7.83333,1.463,1.463,0.195833
7.83333,1.464,1.464,0.195833
7.83333,1.465,1.465,0.195833
7.83333,1.466,1.466,0.195833
7.83333,1.467,1.467,0.195833
7.83333,1.468,1.468,0.195833
7.91667,1.469,1.469,0.197916
7.91667,1.47,1.47,0.197916
7.91667,1.471,1.471,0.197916
7.91667,1.472,1.472,0.197916
7.91667,1.473,1.473,0.197916
7.91667,1.474,1.474,0.197916
7.91667,1.475,1.475,0.197916
7.91667,1.476,1.476,0.197916
7.91667,1.477,1.477,0.197916
7.91667,1.478,1.478,0.197916
7.91667,1.479,1.479,0.197916
7.91667,1.48,1.48,0.197916
7.91667,1.481,1.481,0.197916
7.91667,1.482,1.482,0.197916
8,1.483,1.483,0.2
7.99835,1.484,1.484,0.199958
7.9438,1.485,1.485,0.198595
8,1.486,1.486,0.2
8,1.487,1.487,0.2
8,1.488,1.488,0.2
8,1.489,1.489,0.2
8,1.49,1.49,0.2
8,1.491,1.491,0.2
8,1.492,1.492,0.2
8,1.493,1.493,0.2
8,1.494,1.494,0.2
8,1.495,1.495,0.2
8,1.496,1.496,0.2
8,1.497,1.497,0.2
8,1.498,1.498,0.2
8,1.499,1.499,0.2
8,1.5,1.5,0.2
8.02105,1.501,1.501,0.200526
8,1.502,1.502,0.2
8.01101,1.503,1.503,0.200275
8.08333,1.504,1.504,0.202083
8.08333,1.505,1.505,0.202083
8.08333,1.506,1.506,0.202083
8.08333,1.507,1.507,0.202083
8.08333,1.508,1.508,0.202083
8.08333,1.509,1.509,0.202083
8.08333,1.51,1.51,0.202083
8.08333,1.511,1.511,0.202083
8.08333,1.512,1.512,0.202083
8.16246,1.513,1.513,0.204061
8.16667,1.514,1.514,0.204166
8.16667,1.515,1.515,0.204166
8.16667,1.516,1.516,0.204166
8.16667,1.517,1.517,0.204166
8.16667,1.518,1.518,0.204166
8.16667,1.519,1.519,0.204166
8.16667,1.52,1.52,0.204166
8.16667,1.521,1.521,0.204166
8.16667,1.522,1.522,0.204166
8.16667,1.523,1.523,0.204166
8.16667,1.524,1.524,0.204166
8.16667,1.525,1.525,0.204166
8.16667,1.526,1.526,0.204166
8.16667,1.527,1.527,0.204166
8.21446,1.528,1.528,0.205361
8.16667,1.529,1.529,0.204166
8.25,1.53,1.53,0.20625
8.25,1.531,1.531,0.20625
8.25,1.532,1.532,0.20625
8.25,1.533,1.533,0.20625
8.25,1.534,1.534,0.20625
8.25,1.535,1.535,0.20625
8.25,1.536,1.536,0.20625
8.25,1.537,1.537,0.20625
8.25,1.538,1.538,0.20625
8.25,1.539,1.539,0.20625
8.25,1.54,1.54,0.20625
8.25,1.541,1.541,0.20625
8.33333,1.542,1.542,0.208333
8.33333,1.543,1.543,0.208333
8.25,1.544,1.544,0.20625
8.33333,1.545,1.545,0.208333
8.25,1.546,1.546,0.20625
8.33333,1.547,1.547,0.208333
8.33333,1.548,1.548,0.208333
8.33333,1.549,1.549,0.208333
8.33333,1.55,1.55,0.208333
8.33333,1.551,1.551,0.208333
8.33333,1.552,1.552,0.208333
8.33333,1.553,1.553,0.208333
8.33333,1.554,1.554,0.208333
8.33333,1.555,1.555,0.208333
8.33333,1.556,1.556,0.208333
8.33333,1.557,1.557,0.208333
8.41667,1.558,1.558,0.210416
8.33333,1.559,1.559,0.208333
8.41667,1.56,1.56,0.210416
8.41667,1.561,1.561,0.210416
8.41667,1.562,1.562,0.210416
8.41667,1.563,1.563,0.210416
8.41667,1.564,1.564,0.210416
8.41667,1.565,1.565,0.210416
8.41667,1.566,1.566,0.210416
8.41667,1.567,1.567,0.210416
8.41667,1.568,1.568,0.210416
8.41667,1.569,1.569,0.210416
8.41667,1.57,1.57,0.210416
8.41667,1.571,1.571,0.210416
8.5,1.572,1.572,0.2125
8.5,1.573,1.573,0.2125
8.5,1.574,1.574,0.2125
8.5,1.575,1.575,0.2125
8.5,1.576,1.576,0.2125
8.5,1.577,1.577,0.2125
8.5,1.578,1.578,0.2125
8.5,1.579,1.579,0.2125
8.5,1.58,1.58,0.2125
8.5,1.581,1.581,0.2125
8.5,1.582,1.582,0.2125
8.5,1.583,1.583,0.2125
8.5,1.584,1.584,0.2125
8.5,1.585,1.585,0.2125
8.5,1.586,1.586,0.2125
8.58333,1.587,1.587,0.214583
8.58333,1.588,1.588,0.214583
8.58333,1.589,1.589,0.214583
8.58333,1.59,1.59,0.214583
8.58333,1.591,1.591,0.214583
8.58333,1.592,1.592,0.214583
8.58333,1.593,1.593,0.214583
8.58333,1.594,1.594,0.214583
8.58333,1.595,1.595,0.214583
8.62049,1.596,1.596,0.215512
8.58333,1.597,1.597,0.214583
8.58333,1.598,1.598,0.214583
8.58333,1.599,1.599,0.214583
8.58333,1.6,1.6,0.214583
8.58333,1.601,1.601,0.214583
8.58333,1.602,1.602,0.214583
8.66667,1.603,1.603,0.216666
8.66667,1.604,1.604,0.216666
8.66667,1.605,1.605,0.216666
8.66667,1.606,1.606,0.216666
8.66667,1.607,1.607,0.216666
8.66667,1.608,1.608,0.216666
8.66667,1.609,1.609,0.216666
8.66667,1.61,1.61,0.216666
8.66667,1.611,1.611,0.216666
8.66667,1.612,1.612,0.216666
8.66667,1.613,1.613,0.216666
8.66667,1.614,1.614,0.216666
8.66667,1.615,1.615,0.216666
8.75,1.616,1.616,0.21875
8.66889,1.617,1.617,0.216722
8.75,1.618,1.618,0.21875
8.75,1.619,1.619,0.21875
8.75,1.62,1.62,0.21875
8.75,1.621,1.621,0.21875
8.75,1.622,1.622,0.21875
8.75,1.623,1.623,0.21875
8.75,1.624,1.624,0.21875
8.75,1.625,1.625,0.21875
8.75,1.626,1.626,0.21875
8.75,1.627,1.627,0.21875
8.83333,1.628,1.628,0.220833
8.83333,1.629,1.629,0.220833
8.75,1.63,1.63,0.21875
8.80551,1.631,1.631,0.220137
8.83333,1.632,1.632,0.220833
8.83333,1.633,1.633,0.220833
8.83333,1.634,1.634,0.220833
8.75,1.635,1.635,0.21875
8.83333,1.636,1.636,0.220833
8.83333,1.637,1.637,0.220833
8.83333,1.638,1.638,0.220833
8.83333,1.639,1.639,0.220833
8.83333,1.64,1.64,0.220833
8.83333,1.641,1.641,0.220833
8.83333,1.642,1.642,0.220833
8.91417,1.643,1.643,0.222854
8.88862,1.644,1.644,0.222215
8.91667,1.645,1.645,0.222916
8.91667,1.646,1.646,0.222916
8.83333,1.647,1.647,0.220833
8.83333,1.648,1.648,0.220833
8.91667,1.649,1.649,0.222916
8.91667,1.65,1.65,0.222916
8.91667,1.651,1.651,0.222916
8.91667,1.652,1.652,0.222916
8.91667,1.653,1.653,0.222916
8.91667,1.654,1.654,0.222916
8.91667,1.655,1.655,0.222916
8.91667,1.656,1.656,0.222916
8.91667,1.657,1.657,0.222916
8.9457,1.658,1.658,0.223642
8.91913,1.659,1.659,0.222978
9,1.66,1.66,0.225
8.91667,1.661,1.661,0.222916
9,1.662,1.662,0.225
9,1.663,1.663,0.225
9,1.664,1.664,0.225
9,1.665,1.665,0.225
9,1.666,1.666,0.225
9,1.667,1.667,0.225
9,1.668,1.668,0.225
9,1.669,1.669,0.225
9,1.67,1.67,0.225
9,1.671,1.671,0.225
9.06296,1.672,1.672,0.226574
9,1.673,1.673,0.225
9,1.674,1.674,0.225
9.07423,1.675,1.675,0.226855
9,1.676,1.676,0.225
9,1.677,1.677,0.225
9.08333,1.678,1.678,0.227083
9.08333,1.679,1.679,0.227083
9,1.68,1.68,0.225
9.08333,1.681,1.681,0.227083
9.08333,1.682,1.682,0.227083
9.08333,1.683,1.683,0.227083
9.08333,1.684,1.684,0.227083
9.08333,1.685,1.685,0.227083
9.08333,1.686,1.686,0.227083
9.08333,1.687,1.687,0.227083
9.08333,1.688,1.688,0.227083
9.08333,1.689,1.689,0.227083
9.08333,1.69,1.69,0.227083
9.08333,1.691,1.691,0.227083
9.08333,1.692,1.692,0.227083
9.08333,1.693,1.693,0.227083
9.08333,1.694,1.694,0.227083
9.08333,1.695,1.695,0.227083
9.16667,1.696,1.696,0.229166
9.08333,1.697,1.697,0.227083
9.16667,1.698,1.698,0.229166
9.16667,1.699,1.699,0.229166
9.16667,1.7,1.7,0.229166
9.16667,1.701,1.701,0.229166
9.16667,1.702,1.702,0.229166
9.16667,1.703,1.703,0.229166
9.16667,1.704,1.704,0.229166
9.16667,1.705,1.705,0.229166
9.16667,1.706,1.706,0.229166
9.1044,1.707,1.707,0.22761
9.16667,1.708,1.708,0.229166
9.16667,1.709,1.709,0.229166
9.16667,1.71,1.71,0.229166
9.16667,1.711,1.711,0.229166
9.16667,1.712,1.712,0.229166
9.16667,1.713,1.713,0.229166
9.16667,1.714,1.714,0.229166
9.25,1.715,1.715,0.23125
9.25,1.716,1.716,0.23125
9.25,1.717,1.717,0.23125
9.16667,1.718,1.718,0.229166
9.25,1.719,1.719,0.23125
9.25,1.72,1.72,0.23125
9.25,1.721,1.721,0.23125
9.25,1.722,1.722,0.23125
9.25,1.723,1.723,0.23125
9.25,1.724,1.724,0.23125
9.25,1.725,1.725,0.23125
9.33333,1.726,1.726,0.233333
9.33333,1.727,1.727,0.233333
9.33333,1.728,1.728,0.233333
9.33333,1.729,1.729,0.233333
9.33333,1.73,1.73,0.233333
9.33333,1.731,1.731,0.233333
9.33333,1.732,1.732,0.233333
9.33333,1.733,1.733,0.233333
9.33333,1.734,1.734,0.233333
9.33333,1.735,1.735,0.233333
9.33333,1.736,1.736,0.233333
9.41667,1.737,1.737,0.235416
9.33333,1.738,1.738,0.233333
9.41667,1.739,1.739,0.235416
9.41667,1.74,1.74,0.235416
9.41667,1.741,1.741,0.235416
9.41667,1.742,1.742,0.235416
9.41667,1.743,1.743,0.235416
9.41667,1.744,1.744,0.235416
9.41667,1.745,1.745,0.235416
9.41667,1.746,1.746,0.235416
9.41667,1.747,1.747,0.235416
9.41667,1.748,1.748,0.235416
9.41667,1.749,1.749,0.235416
9.41667,1.75,1.75,0.235416
9.47472,1.751,1.751,0.236868
9.5,1.752,1.752,0.2375
9.5,1.753,1.753,0.2375
9.5,1.754,1.754,0.2375
9.5,1.755,1.755,0.2375
9.5,1.756,1.756,0.2375
9.5,1.757,1.757,0.2375
9.5,1.758,1.758,0.2375
9.5,1.759,1.759,0.2375
9.5,1.76,1.76,0.2375
9.5,1.761,1.761,0.2375
9.5,1.762,1.762,0.2375
9.5,1.763,1.763,0.2375
9.5,1.764,1.764,0.2375
9.5,1.765,1.765,0.2375
9.5,1.766,1.766,0.2375
9.58333,1.767,1.767,0.239583
9.5,1.768,1.768,0.2375
9.5,1.769,1.769,0.2375
9.5,1.77,1.77,0.2375
9.58333,1.771,1.771,0.239583
9.58333,1.772,1.772,0.239583
9.58333,1.773,1.773,0.239583
9.58333,1.774,1.774,0.239583
9.58333,1.775,1.775,0.239583
9.58333,1.776,1.776,0.239583
9.58333,1.777,1.777,0.239583
9.58333,1.778,1.778,0.239583
9.58333,1.779,1.779,0.239583
9.58333,1.78,1.78,0.239583
9.58333,1.781,1.781,0.239583
9.66667,1.782,1.782,0.241666
9.58333,1.783,1.783,0.239583
9.58333,1.784,1.784,0.239583
9.66667,1.785,1.785,0.241666
9.66667,1.786,1.786,0.241666
9.66667,1.787,1.787,0.241666
9.66667,1.788,1.788,0.241666
9.66667,1.789,1.789,0.241666
9.66667,1.79,1.79,0.241666
9.66667,1.791,1.791,0.241666
9.66667,1.792,1.792,0.241666
9.66667,1.793,1.793,0.241666
9.66667,1.794,1.794,0.241666
9.75,1.795,1.795,0.24375
9.75,1.796,1.796,0.24375
9.66667,1.797,1.797,0.241666
9.75,1.798,1.798,0.24375
9.75,1.799,1.799,0.24375
9.75,1.8,1.8,0.24375
9.75,1.801,1.801,0.24375
9.75,1.802,1.802,0.24375
9.75,1.803,1.803,0.24375
9.75,1.804,1.804,0.24375
9.75,1.805,1.805,0.24375
9.75,1.806,1.806,0.24375
9.83333,1.807,1.807,0.245833
9.75,1.808,1.808,0.24375
9.75,1.809,1.809,0.24375
9.75,1.81,1.81,0.24375
9.83333,1.811,1.811,0.245833
9.83333,1.812,1.812,0.245833
9.83333,1.813,1.813,0.245833
9.83333,1.814,1.814,0.245833
9.83333,1.815,1.815,0.245833
9.77708,1.816,1.816,0.244427
9.83333,1.817,1.817,0.245833
9.83333,1.818,1.818,0.245833
9.83333,1.819,1.819,0.245833
9.83333,1.82,1.82,0.245833
9.83333,1.821,1.821,0.245833
9.83333,1.822,1.822,0.245833
9.83333,1.823,1.823,0.245833
9.83333,1.824,1.824,0.245833
9.83333,1.825,1.825,0.245833
9.83333,1.826,1.826,0.245833
9.83333,1.827,1.827,0.245833
9.83333,1.828,1.828,0.245833
9.83333,1.829,1.829,0.245833
9.83333,1.83,1.83,0.245833
9.91667,1.831,1.831,0.247916
9.85456,1.832,1.832,0.246364
9.91667,1.833,1.833,0.247916
9.91667,1.834,1.834,0.247916
9.91667,1.835,1.835,0.247916
9.91667,1.836,1.836,0.247916
9.91667,1.837,1.837,0.247916
9.91667,1.838,1.838,0.247916
9.91667,1.839,1.839,0.247916
9.91667,1.84,1.84,0.247916
9.91667,1.841,1.841,0.247916
9.91667,1.842,1.842,0.247916
9.91667,1.843,1.843,0.247916
9.91667,1.844,1.844,0.247916
10,1.845,1.845,0.25
9.96318,1.846,1.846,0.249079
9.91667,1.847,1.847,0.247916
9.91667,1.848,1.848,0.247916
9.95981,1.849,1.849,0.248995
10,1.85,1.85,0.25
10,1.851,1.851,0.25
9.95083,1.852,1.852,0.24877
9.91667,1.853,1.853,0.247916
10,1.854,1.854,0.25
10,1.855,1.855,0.25
10,1.856,1.856,0.25
10,1.857,1.857,0.25
10,1.858,1.858,0.25
10,1.859,1.859,0.25
10,1.86,1.86,0.25
10.0833,1.861,1.861,0.252083
10.0418,1.862,1.862,0.251044
10.0833,1.863,1.863,0.252083
10.0089,1.864,1.864,0.250223
10.0833,1.865,1.865,0.252083
10.0602,1.866,1.866,0.251505
10,1.867,1.867,0.25
10.0833,1.868,1.868,0.252083
10.0833,1.869,1.869,0.252083
10.0833,1.87,1.87,0.252083
10.0833,1.871,1.871,0.252083
10.0833,1.872,1.872,0.252083
10.0833,1.873,1.873,0.252083
10.0833,1.874,1.874,0.252083
10.0833,1.875,1.875,0.252083
10.0833,1.876,1.876,0.252083
10.157,1.877,1.877,0.253926
10.1667,1.878,1.878,0.254166
10.1443,1.879,1.879,0.253606
10.0833,1.88,1.88,0.252083
10.0833,1.881,1.881,0.252083
10.0833,1.882,1.882,0.252083
10.0833,1.883,1.883,0.252083
10.1667,1.884,1.884,0.254166
10.1667,1.885,1.885,0.254166
10.0929,1.886,1.886,0.252322
10.1667,1.887,1.887,0.254166
10.1667,1.888,1.888,0.254166
10.1667,1.889,1.889,0.254166
10.1667,1.89,1.89,0.254166
10.1667,1.891,1.891,0.254166
10.1667,1.892,1.892,0.254166
10.0868,1.893,1.893,0.252169
10.1667,1.894,1.894,0.254166
10.1667,1.895,1.895,0.254166
10.1667,1.896,1.896,0.254166
10.1667,1.897,1.897,0.254166
10.1667,1.898,1.898,0.254166
10.1667,1.899,1.899,0.254166
10.1667,1.9,1.9,0.254166
10.1667,1.901,1.901,0.254166
10.1667,1.902,1.902,0.254166
10.1767,1.903,1.903,0.254416
10.1667,1.904,1.904,0.254166
10.1667,1.905,1.905,0.254166
10.2461,1.906,1.906,0.256151
10.25,1.907,1.907,0.25625
10.25,1.908,1.908,0.25625
10.25,1.909,1.909,0.25625
10.25,1.91,1.91,0.25625
10.25,1.911,1.911,0.25625
10.25,1.912,1.912,0.25625
10.25,1.913,1.913,0.25625
10.25,1.914,1.914,0.25625
10.25,1.915,1.915,0.25625
10.25,1.916,1.916,0.25625
10.25,1.917,1.917,0.25625
10.25,1.918,1.918,0.25625
10.25,1.919,1.919,0.25625
10.3333,1.92,1.92,0.258333
10.3333,1.921,1.921,0.258333
10.3333,1.922,1.922,0.258333
10.3333,1.923,1.923,0.258333
10.3333,1.924,1.924,0.258333
10.3333,1.925,1.925,0.258333
10.3333,1.926,1.926,0.258333
10.3333,1.927,1.927,0.258333
10.3333,1.928,1.928,0.258333
10.3333,1.929,1.929,0.258333
10.3802,1.93,1.93,0.259504
10.3333,1.931,1.931,0.258333
10.3333,1.932,1.932,0.258333
10.4167,1.933,1.933,0.260416
10.4167,1.934,1.934,0.260416
10.4167,1.935,1.935,0.260416
10.4167,1.936,1.936,0.260416
10.4167,1.937,1.937,0.260416
10.4167,1.938,1.938,0.260416
10.4167,1.939,1.939,0.260416
10.4167,1.94,1.94,0.260416
10.4167,1.941,1.941,0.260416
10.4167,1.942,1.942,0.260416
10.4167,1.943,1.943,0.260416
10.4167,1.944,1.944,0.260416
10.4167,1.945,1.945,0.260416
10.4167,1.946,1.946,0.260416
10.4167,1.947,1.947,0.260416
10.4167,1.948,1.948,0.260416
10.4167,1.949,1.949,0.260416
10.5,1.95,1.95,0.2625
10.5,1.951,1.951,0.2625
10.5,1.952,1.952,0.2625
10.4167,1.953,1.953,0.260416
10.5,1.954,1.954,0.2625
10.5,1.955,1.955,0.2625
10.5,1.956,1.956,0.2625
10.5,1.957,1.957,0.2625
10.5,1.958,1.958,0.2625
10.5,1.959,1.959,0.2625
10.5,1.96,1.96,0.2625
10.5,1.961,1.961,0.2625
10.5,1.962,1.962,0.2625
10.5,1.963,1.963,0.2625
10.5074,1.964,1.964,0.262684
10.5833,1.965,1.965,0.264583
10.5,1.966,1.966,0.2625
10.5139,1.967,1.967,0.262847
10.5833,1.968,1.968,0.264583
10.5833,1.969,1.969,0.264583
10.5833,1.97,1.97,0.264583
10.5833,1.971,1.971,0.264583
10.5833,1.972,1.972,0.264583
10.5833,1.973,1.973,0.264583
10.5833,1.974,1.974,0.264583
10.5833,1.975,1.975,0.264583
10.5833,1.976,1.976,0.264583
10.5833,1.977,1.977,0.264583
10.5833,1.978,1.978,0.264583
10.5833,1.979,1.979,0.264583
10.5968,1.98,1.98,0.264919
10.6422,1.981,1.981,0.266054
10.6667,1.982,1.982,0.266666
10.6667,1.983,1.983,0.266666
10.6667,1.984,1.984,0.266666
10.6667,1.985,1.985,0.266666
10.6667,1.986,1.986,0.266666
10.6667,1.987,1.987,0.266666
10.6667,1.988,1.988,0.266666
10.6667,1.989,1.989,0.266666
10.6667,1.99,1.99,0.266666
10.6667,1.991,1.991,0.266666
10.6667,1.992,1.992,0.266666
10.75,1.993,1.993,0.26875
10.75,1.994,1.994,0.26875
10.75,1.995,1.995,0.26875
10.75,1.996,1.996,0.26875
10.75,1.997,1.997,0.26875
10.75,1.998,1.998,0.26875
10.75,1.999,1.999,0.26875
10.75,2,2,0.26875
10.75,2.001,2.001,0.26875
10.8333,2.002,2.002,0.270833
10.8333,2.003,2.003,0.270833
10.8333,2.004,2.004,0.270833
10.8333,2.005,2.005,0.270833
10.8333,2.006,2.006,0.270833
10.8333,2.007,2.007,0.270833
10.8333,2.008,2.008,0.270833
10.8333,2.009,2.009,0.270833
10.8333,2.01,2.01,0.270833
10.8333,2.011,2.011,0.270833
10.8333,2.012,2.012,0.270833
10.8333,2.013,2.013,0.270833
10.8594,2.014,2.014,0.271485
10.8333,2.015,2.015,0.270833
10.9111,2.016,2.016,0.272777
10.9167,2.017,2.017,0.272916
10.9167,2.018,2.018,0.272916
10.9167,2.019,2.019,0.272916
10.9167,2.02,2.02,0.272916
10.9167,2.021,2.021,0.272916
10.9167,2.022,2.022,0.272916
10.9167,2.023,2.023,0.272916
10.9167,2.024,2.024,0.272916
10.9167,2.025,2.025,0.272916
10.9167,2.026,2.026,0.272916
10.9167,2.027,2.027,0.272916
10.9167,2.028,2.028,0.272916
10.9167,2.029,2.029,0.272916
10.9796,2.03,2.03,0.274491
11,2.031,2.031,0.275
10.9167,2.032,2.032,0.272916
11,2.033,2.033,0.275
11,2.034,2.034,0.275
11,2.035,2.035,0.275
11,2.036,2.036,0.275
11,2.037,2.037,0.275
11,2.038,2.038,0.275
11,2.039,2.039,0.275
11,2.04,2.04,0.275
11,2.041,2.041,0.275
11,2.042,2.042,0.275
11,2.043,2.043,0.275
11.0833,2.044,2.044,0.277083
11.0833,2.045,2.045,0.277083
11.0833,2.046,2.046,0.277083
11.0833,2.047,2.047,0.277083
11.0833,2.048,2.048,0.277083
11.0833,2.049,2.049,0.277083
11.0833,2.05,2.05,0.277083
11.0833,2.051,2.051,0.277083
11.0833,2.052,2.052,0.277083
11.0833,2.053,2.053,0.277083
11.0833,2.054,2.054,0.277083
11.0833,2.055,2.055,0.277083
11.0833,2.056,2.056,0.277083
11.1667,2.057,2.057,0.279166
11.1667,2.058,2.058,0.279166
11.1667,2.059,2.059,0.279166
11.1667,2.06,2.06,0.279166
11.1667,2.061,2.061,0.279166
11.1667,2.062,2.062,0.279166
11.1667,2.063,2.063,0.279166
11.1667,2.064,2.064,0.279166
11.1667,2.065,2.065,0.279166
11.1667,2.066,2.066,0.279166
11.1667,2.067,2.067,0.279166
11.1712,2.068,2.068,0.279279
11.1667,2.069,2.069,0.279166
11.2135,2.07,2.07,0.280336
11.25,2.071,2.071,0.28125
11.25,2.072,2.072,0.28125
11.25,2.073,2.073,0.28125
11.25,2.074,2.074,0.28125
11.25,2.075,2.075,0.28125
11.25,2.076,2.076,0.28125
11.25,2.077,2.077,0.28125
11.25,2.078,2.078,0.28125
11.3333,2.079,2.079,0.283333
11.25,2.08,2.08,0.28125
11.25,2.081,2.081,0.28125
11.25,2.082,2.082,0.28125
11.25,2.083,2.083,0.28125
11.25,2.084,2.084,0.28125
11.3333,2.085,2.085,0.283333
11.3333,2.086,2.086,0.283333
11.3333,2.087,2.087,0.283333
11.3333,2.088,2.088,0.283333
11.3333,2.089,2.089,0.283333
11.3333,2.09,2.09,0.283333
11.3333,2.091,2.091,0.283333
11.3333,2.092,2.092,0.283333
11.3333,2.093,2.093,0.283333
11.4167,2.094,2.094,0.285416
11.4167,2.095,2.095,0.285416
11.4167,2.096,2.096,0.285416
11.4167,2.097,2.097,0.285416
11.4167,2.098,2.098,0.285416
11.4167,2.099,2.099,0.285416
11.4167,2.1,2.1,0.285416
11.4167,2.101,2.101,0.285416
11.4167,2.102,2.102,0.285416
11.4393,2.103,2.103,0.285982
11.4167,2.104,2.104,0.285416
11.5,2.105,2.105,0.2875
11.5,2.106,2.106,0.2875
11.5,2.107,2.107,0.2875
11.5,2.108,2.108,0.2875
11.5,2.109,2.109,0.2875
11.5,2.11,2.11,0.2875
11.5,2.111,2.111,0.2875
11.5,2.112,2.112,0.2875
11.5833,2.113,2.113,0.289583
11.5573,2.114,2.114,0.288933
11.5833,2.115,2.115,0.289583
11.5833,2.116,2.116,0.289583
11.5833,2.117,2.117,0.289583
11.5833,2.118,2.118,0.289583
11.5833,2.119,2.119,0.289583
11.5833,2.12,2.12,0.289583
11.5833,2.121,2.121,0.289583
11.5833,2.122,2.122,0.289583
11.5833,2.123,2.123,0.289583
11.5833,2.124,2.124,0.289583
11.6667,2.125,2.125,0.291666
11.6667,2.126,2.126,0.291666
11.6667,2.127,2.127,0.291666
11.6667,2.128,2.128,0.291666
11.6667,2.129,2.129,0.291666
11.6667,2.13,2.13,0.291666
11.6667,2.131,2.131,0.291666
11.6667,2.132,2.132,0.291666
11.6667,2.133,2.133,0.291666
11.75,2.134,2.134,0.29375
11.75,2.135,2.135,0.29375
11.75,2.136,2.136,0.29375
11.75,2.137,2.137,0.29375
11.75,2.138,2.138,0.29375
11.75,2.139,2.139,0.29375
11.75,2.14,2.14,0.29375
11.75,2.141,2.141,0.29375
11.75,2.142,2.142,0.29375
11.829,2.143,2.143,0.295725
11.8333,2.144,2.144,0.295833
11.8333,2.145,2.145,0.295833
11.8333,2.146,2.146,0.295833
11.8333,2.147,2.147,0.295833
11.8333,2.148,2.148,0.295833
11.8333,2.149,2.149,0.295833
11.8333,2.15,2.15,0.295833
11.8333,2.151,2.151,0.295833
11.8333,2.152,2.152,0.295833
11.906,2.153,2.153,0.29765
11.9167,2.154,2.154,0.297916
11.9167,2.155,2.155,0.297916
11.9167,2.156,2.156,0.297916
11.9167,2.157,2.157,0.297916
11.8893,2.158,2.158,0.297231
11.9167,2.159,2.159,0.297916
11.9167,2.16,2.16,0.297916
11.9167,2.161,2.161,0.297916
11.9167,2.162,2.162,0.297916
11.9167,2.163,2.163,0.297916
12,2.164,2.164,0.3
12,2.165,2.165,0.3
11.9281,2.166,2.166,0.298201
12,2.167,2.167,0.3
12,2.168,2.168,0.3
12,2.169,2.169,0.3
12,2.17,2.17,0.3
12,2.171,2.171,0.3
12,2.172,2.172,0.3
12.0833,2.173,2.173,0.302083
12,2.174,2.174,0.3
12.0833,2.175,2.175,0.302083
12.0833,2.176,2.176,0.302083
12.0833,2.177,2.177,0.302083
12.0833,2.178,2.178,0.302083
12.0833,2.179,2.179,0.302083
12.0833,2.18,2.18,0.302083
12.0833,2.181,2.181,0.302083
12.0833,2.182,2.182,0.302083
12.1357,2.183,2.183,0.303391
12.0833,2.184,2.184,0.302083
12.0833,2.185,2.185,0.302083
12.1667,2.186,2.186,0.304166
12.1667,2.187,2.187,0.304166
12.1667,2.188,2.188,0.304166
12.1667,2.189,2.189,0.304166
12.1667,2.19,2.19,0.304166
12.1667,2.191,2.191,0.304166
12.1667,2.192,2.192,0.304166
12.1667,2.193,2.193,0.304166
12.25,2.194,2.194,0.30625
12.25,2.195,2.195,0.30625
12.1667,2.196,2.196,0.304166
12.25,2.197,2.197,0.30625
12.25,2.198,2.198,0.30625
12.25,2.199,2.199,0.30625
12.25,2.2,2.2,0.30625
12.25,2.201,2.201,0.30625
12.3333,2.202,2.202,0.308333
12.25,2.203,2.203,0.30625
12.3202,2.204,2.204,0.308005
12.321,2.205,2.205,0.308025
12.3333,2.206,2.206,0.308333
12.25,2.207,2.207,0.30625
12.3333,2.208,2.208,0.308333
12.3333,2.209,2.209,0.308333
12.3333,2.21,2.21,0.308333
12.3333,2.211,2.211,0.308333
12.3333,2.212,2.212,0.308333
12.3333,2.213,2.213,0.308333
12.3333,2.214,2.214,0.308333
12.3333,2.215,2.215,0.308333
12.4167,2.216,2.216,0.310416
12.4167,2.217,2.217,0.310416
12.4167,2.218,2.218,0.310416
12.4167,2.219,2.219,0.310416
12.4167,2.22,2.22,0.310416
12.4167,2.221,2.221,0.310416
12.5,2.222,2.222,0.3125
12.4167,2.223,2.223,0.310416
12.4167,2.224,2.224,0.310416
12.4167,2.225,2.225,0.310416
12.4167,2.226,2.226,0.310416
12.4167,2.227,2.227,0.310416
12.5,2.228,2.228,0.3125
12.5,2.229,2.229,0.3125
12.5,2.23,2.23,0.3125
12.5,2.231,2.231,0.3125
12.5,2.232,2.232,0.3125
12.5,2.233,2.233,0.3125
12.5,2.234,2.234,0.3125
12.5,2.235,2.235,0.3125
12.5583,2.236,2.236,0.313957
12.5,2.237,2.237,0.3125
12.5833,2.238,2.238,0.314583
12.5833,2.239,2.239,0.314583
12.5833,2.24,2.24,0.314583
12.5833,2.241,2.241,0.314583
12.5833,2.242,2.242,0.314583
12.5833,2.243,2.243,0.314583
12.5833,2.244,2.244,0.314583
12.5833,2.245,2.245,0.314583
12.5833,2.246,2.246,0.314583
12.5833,2.247,2.247,0.314583
12.6667,2.248,2.248,0.316666
12.6667,2.249,2.249,0.316666
12.6667,2.25,2.25,0.316666
12.6667,2.251,2.251,0.316666
12.6667,2.252,2.252,0.316666
12.6667,2.253,2.253,0.316666
12.6869,2.254,2.254,0.317173
12.6667,2.255,2.255,0.316666
12.6667,2.256,2.256,0.316666
12.6667,2.257,2.257,0.316666
12.75,2.258,2.258,0.31875
12.75,2.259,2.259,0.31875
12.75,2.26,2.26,0.31875
12.75,2.261,2.261,0.31875
12.75,2.262,2.262,0.31875
12.75,2.263,2.263,0.31875
12.75,2.264,2.264,0.31875
12.75,2.265,2.265,0.31875
12.8333,2.266,2.266,0.320833
12.8333,2.267,2.267,0.320833
12.8333,2.268,2.268,0.320833
12.8333,2.269,2.269,0.320833
12.8333,2.27,2.27,0.320833
12.8333,2.271,2.271,0.320833
12.8333,2.272,2.272,0.320833
12.8333,2.273,2.273,0.320833
12.8333,2.274,2.274,0.320833
12.8333,2.275,2.275,0.320833
12.8333,2.276,2.276,0.320833
12.8333,2.277,2.277,0.320833
12.9167,2.278,2.278,0.322916
12.8333,2.279,2.279,0.320833
12.9167,2.28,2.28,0.322916
12.9167,2.281,2.281,0.322916
12.9167,2.282,2.282,0.322916
12.9167,2.283,2.283,0.322916
12.9167,2.284,2.284,0.322916
13,2.285,2.285,0.324999
12.9167,2.286,2.286,0.322916
12.9658,2.287,2.287,0.324144
12.9764,2.288,2.288,0.324409
13,2.289,2.289,0.324999
13,2.29,2.29,0.324999
13,2.291,2.291,0.324999
13,2.292,2.292,0.324999
13,2.293,2.293,0.324999
13,2.294,2.294,0.324999
13,2.295,2.295,0.324999
13,2.296,2.296,0.324999
13,2.297,2.297,0.324999
13,2.298,2.298,0.324999
13,2.299,2.299,0.324999
13.0833,2.3,2.3,0.327083
13.0833,2.301,2.301,0.327083
13.0833,2.302,2.302,0.327083
13.0833,2.303,2.303,0.327083
13.0833,2.304,2.304,0.327083
13.0833,2.305,2.305,0.327083
13.0833,2.306,2.306,0.327083
13.1667,2.307,2.307,0.329166
13.1667,2.308,2.308,0.329166
13.0833,2.309,2.309,0.327083
13.0833,2.31,2.31,0.327083
13.1667,2.311,2.311,0.329166
13.1667,2.312,2.312,0.329166
13.1667,2.313,2.313,0.329166
13.1667,2.314,2.314,0.329166
13.1667,2.315,2.315,0.329166
13.1667,2.316,2.316,0.329166
13.1667,2.317,2.317,0.329166
13.1667,2.318,2.318,0.329166
13.1667,2.319,2.319,0.329166
13.1667,2.32,2.32,0.329166
13.25,2.321,2.321,0.331249
13.25,2.322,2.322,0.331249
13.25,2.323,2.323,0.331249
13.25,2.324,2.324,0.331249
13.25,2.325,2.325,0.331249
13.25,2.326,2.326,0.331249
13.25,2.327,2.327,0.331249
13.25,2.328,2.328,0.331249
13.25,2.329,2.329,0.331249
13.3044,2.33,2.33,0.33261
13.3333,2.331,2.331,0.333333
13.25,2.332,2.332,0.331249
13.25,2.333,2.333,0.331249
13.3333,2.334,2.334,0.333333
13.3333,2.335,2.335,0.333333
13.3333,2.336,2.336,0.333333
13.3333,2.337,2.337,0.333333
13.3333,2.338,2.338,0.333333
13.4167,2.339,2.339,0.335416
13.4167,2.34,2.34,0.335416
13.4129,2.341,2.341,0.335323
13.4167,2.342,2.342,0.335416
13.4167,2.343,2.343,0.335416
13.4167,2.344,2.344,0.335416
13.4167,2.345,2.345,0.335416
13.4167,2.346,2.346,0.335416
13.4167,2.347,2.347,0.335416
13.4167,2.348,2.348,0.335416
13.4167,2.349,2.349,0.335416
13.5,2.35,2.35,0.337499
13.5,2.351,2.351,0.337499
13.5,2.352,2.352,0.337499
13.5,2.353,2.353,0.337499
13.5,2.354,2.354,0.337499
13.5,2.355,2.355,0.337499
13.5,2.356,2.356,0.337499
13.5,2.357,2.357,0.337499
13.5,2.358,2.358,0.337499
13.5,2.359,2.359,0.337499
13.5,2.36,2.36,0.337499
13.5,2.361,2.361,0.337499
13.5833,2.362,2.362,0.339583
13.5833,2.363,2.363,0.339583
13.5833,2.364,2.364,0.339583
13.5833,2.365,2.365,0.339583
13.5833,2.366,2.366,0.339583
13.5833,2.367,2.367,0.339583
13.5833,2.368,2.368,0.339583
13.5833,2.369,2.369,0.339583
13.5833,2.37,2.37,0.339583
13.5833,2.371,2.371,0.339583
13.6324,2.372,2.372,0.34081
13.6667,2.373,2.373,0.341666
13.6667,2.374,2.374,0.341666
13.6667,2.375,2.375,0.341666
13.6667,2.376,2.376,0.341666
13.6667,2.377,2.377,0.341666
13.6667,2.378,2.378,0.341666
13.75,2.379,2.379,0.343749
13.75,2.38,2.38,0.343749
13.75,2.381,2.381,0.343749
13.75,2.382,2.382,0.343749
13.75,2.383,2.383,0.343749
13.75,2.384,2.384,0.343749
13.75,2.385,2.385,0.343749
13.75,2.386,2.386,0.343749
13.75,2.387,2.387,0.343749
13.75,2.388,2.388,0.343749
13.75,2.389,2.389,0.343749
13.8333,2.39,2.39,0.345833
13.8333,2.391,2.391,0.345833
13.8333,2.392,2.392,0.345833
13.8333,2.393,2.393,0.345833
13.8333,2.394,2.394,0.345833
13.8333,2.395,2.395,0.345833
13.8333,2.396,2.396,0.345833
13.8333,2.397,2.397,0.345833
13.8333,2.398,2.398,0.345833
13.9167,2.399,2.399,0.347916
13.9167,2.4,2.4,0.347916
13.9167,2.401,2.401,0.347916
13.9167,2.402,2.402,0.347916
13.9167,2.403,2.403,0.347916
13.9167,2.404,2.404,0.347916
13.9167,2.405,2.405,0.347916
13.9167,2.406,2.406,0.347916
13.9167,2.407,2.407,0.347916
13.9167,2.408,2.408,0.347916
14,2.409,2.409,0.349999
14,2.41,2.41,0.349999
14,2.411,2.411,0.349999
14,2.412,2.412,0.349999
14,2.413,2.413,0.349999
14,2.414,2.414,0.349999
14.0693,2.415,2.415,0.351732
14.0833,2.416,2.416,0.352083
14.0833,2.417,2.417,0.352083
14.0833,2.418,2.418,0.352083
14.0833,2.419,2.419,0.352083
14.0833,2.42,2.42,0.352083
14.0833,2.421,2.421,0.352083
14.0833,2.422,2.422,0.352083
14.0833,2.423,2.423,0.352083
14.1667,2.424,2.424,0.354166
14.1667,2.425,2.425,0.354166
14.1667,2.426,2.426,0.354166
14.1667,2.427,2.427,0.354166
14.1667,2.428,2.428,0.354166
14.1667,2.429,2.429,0.354166
14.25,2.43,2.43,0.356249
14.25,2.431,2.431,0.356249
14.25,2.432,2.432,0.356249
14.1983,2.433,2.433,0.354957
14.25,2.434,2.434,0.356249
14.25,2.435,2.435,0.356249
14.25,2.436,2.436,0.356249
14.3333,2.437,2.437,0.358333
14.25,2.438,2.438,0.356249
14.25,2.439,2.439,0.356249
14.2546,2.44,2.44,0.356366
14.3333,2.441,2.441,0.358333
14.2629,2.442,2.442,0.356571
14.3333,2.443,2.443,0.358333
14.3333,2.444,2.444,0.358333
14.3333,2.445,2.445,0.358333
14.3333,2.446,2.446,0.358333
14.3333,2.447,2.447,0.358333
14.4166,2.448,2.448,0.360416
14.4167,2.449,2.449,0.360416
14.3333,2.45,2.45,0.358333
14.4167,2.451,2.451,0.360416
14.4167,2.452,2.452,0.360416
14.4167,2.453,2.453,0.360416
14.4167,2.454,2.454,0.360416
14.4167,2.455,2.455,0.360416
14.4167,2.456,2.456,0.360416
14.4167,2.457,2.457,0.360416
14.5,2.458,2.458,0.362499
14.5,2.459,2.459,0.362499
14.5,2.46,2.46,0.362499
14.5,2.461,2.461,0.362499
14.5,2.462,2.462,0.362499
14.5,2.463,2.463,0.362499
14.5,2.464,2.464,0.362499
14.5,2.465,2.465,0.362499
14.5,2.466,2.466,0.362499
14.5,2.467,2.467,0.362499
14.5833,2.468,2.468,0.364583
14.5833,2.469,2.469,0.364583
14.5833,2.47,2.47,0.364583
14.5833,2.471,2.471,0.364583
14.5833,2.472,2.472,0.364583
14.5833,2.473,2.473,0.364583
14.5833,2.474,2.474,0.364583
14.5833,2.475,2.475,0.364583
14.5833,2.476,2.476,0.364583
14.6667,2.477,2.477,0.366666
14.6667,2.478,2.478,0.366666
14.6667,2.479,2.479,0.366666
14.6667,2.48,2.48,0.366666
14.6667,2.481,2.481,0.366666
14.6667,2.482,2.482,0.366666
14.6667,2.483,2.483,0.366666
14.6667,2.484,2.484,0.366666
14.6667,2.485,2.485,0.366666
14.75,2.486,2.486,0.368749
14.75,2.487,2.487,0.368749
14.75,2.488,2.488,0.368749
14.75,2.489,2.489,0.368749
14.75,2.49,2.49,0.368749
14.75,2.491,2.491,0.368749
14.75,2.492,2.492,0.368749
14.7614,2.493,2.493,0.369035
14.8333,2.494,2.494,0.370833
14.8333,2.495,2.495,0.370833
14.8333,2.496,2.496,0.370833
14.8333,2.497,2.497,0.370833
14.8333,2.498,2.498,0.370833
14.8333,2.499,2.499,0.370833
14.8333,2.5,2.5,0.370833
14.8333,2.501,2.501,0.370833
14.8333,2.502,2.502,0.370833
14.8333,2.503,2.503,0.370833
14.8333,2.504,2.504,0.370833
14.9167,2.505,2.505,0.372916
14.9167,2.506,2.506,0.372916
14.9167,2.507,2.507,0.372916
14.9167,2.508,2.508,0.372916
14.9167,2.509,2.509,0.372916
14.9167,2.51,2.51,0.372916
14.9167,2.511,2.511,0.372916
15,2.512,2.512,0.374999
15,2.513,2.513,0.374999
15,2.514,2.514,0.374999
15,2.515,2.515,0.374999
15,2.516,2.516,0.374999
15,2.517,2.517,0.374999
15,2.518,2.518,0.374999
15,2.519,2.519,0.374999
15,2.52,2.52,0.374999
15.0833,2.521,2.521,0.377083
15.0833,2.522,2.522,0.377083
15.0833,2.523,2.523,0.377083
15.0833,2.524,2.524,0.377083
15.0833,2.525,2.525,0.377083
15.0833,2.526,2.526,0.377083
15.0833,2.527,2.527,0.377083
15.0833,2.528,2.528,0.377083
15.0833,2.529,2.529,0.377083
15.0833,2.53,2.53,0.377083
15.1667,2.531,2.531,0.379166
15.1667,2.532,2.532,0.379166
15.1667,2.533,2.533,0.379166
15.1667,2.534,2.534,0.379166
15.1667,2.535,2.535,0.379166
15.1667,2.536,2.536,0.379166
15.1667,2.537,2.537,0.379166
15.25,2.538,2.538,0.381249
15.1667,2.539,2.539,0.379166
15.25,2.54,2.54,0.381249
15.25,2.541,2.541,0.381249
15.25,2.542,2.542,0.381249
15.25,2.543,2.543,0.381249
15.25,2.544,2.544,0.381249
15.25,2.545,2.545,0.381249
15.25,2.546,2.546,0.381249
15.25,2.547,2.547,0.381249
15.25,2.548,2.548,0.381249
15.25,2.549,2.549,0.381249
15.3333,2.55,2.55,0.383333
15.3333,2.551,2.551,0.383333
15.3333,2.552,2.552,0.383333
15.3333,2.553,2.553,0.383333
15.3333,2.554,2.554,0.383333
15.4167,2.555,2.555,0.385416
15.4167,2.556,2.556,0.385416
15.4167,2.557,2.557,0.385416
15.4167,2.558,2.558,0.385416
15.4167,2.559,2.559,0.385416
15.4167,2.56,2.56,0.385416
15.4167,2.561,2.561,0.385416
15.4167,2.562,2.562,0.385416
15.4167,2.563,2.563,0.385416
15.4167,2.564,2.564,0.385416
15.5,2.565,2.565,0.387499
15.5,2.566,2.566,0.387499
15.5,2.567,2.567,0.387499
15.5,2.568,2.568,0.387499
15.5,2.569,2.569,0.387499
15.5,2.57,2.57,0.387499
15.5833,2.571,2.571,0.389583
15.5,2.572,2.572,0.387499
15.5,2.573,2.573,0.387499
15.5677,2.574,2.574,0.389191
15.5833,2.575,2.575,0.389583
15.5833,2.576,2.576,0.389583
15.5833,2.577,2.577,0.389583
15.5833,2.578,2.578,0.389583
15.5833,2.579,2.579,0.389583
15.5833,2.58,2.58,0.389583
15.5833,2.581,2.581,0.389583
15.5833,2.582,2.582,0.389583
15.5833,2.583,2.583,0.389583
15.592,2.584,2.584,0.3898
15.6667,2.585,2.585,0.391666
15.6667,2.586,2.586,0.391666
15.6667,2.587,2.587,0.391666
15.6667,2.588,2.588,0.391666
15.6667,2.589,2.589,0.391666
15.6667,2.59,2.59,0.391666
15.6667,2.591,2.591,0.391666
15.6667,2.592,2.592,0.391666
15.6942,2.593,2.593,0.392354
15.75,2.594,2.594,0.393749
15.75,2.595,2.595,0.393749
15.75,2.596,2.596,0.393749
15.75,2.597,2.597,0.393749
15.75,2.598,2.598,0.393749
15.75,2.599,2.599,0.393749
15.75,2.6,2.6,0.393749
15.75,2.601,2.601,0.393749
15.75,2.602,2.602,0.393749
15.8333,2.603,2.603,0.395833
15.8333,2.604,2.604,0.395833
15.8333,2.605,2.605,0.395833
15.8333,2.606,2.606,0.395833
15.8333,2.607,2.607,0.395833
15.8333,2.608,2.608,0.395833
15.8333,2.609,2.609,0.395833
15.8333,2.61,2.61,0.395833
15.8333,2.611,2.611,0.395833
15.8333,2.612,2.612,0.395833
15.8333,2.613,2.613,0.395833
15.9167,2.614,2.614,0.397916
15.8333,2.615,2.615,0.395833
15.9167,2.616,2.616,0.397916
15.9167,2.617,2.617,0.397916
15.9167,2.618,2.618,0.397916
15.9167,2.619,2.619,0.397916
15.9167,2.62,2.62,0.397916
15.9167,2.621,2.621,0.397916
15.9167,2.622,2.622,0.397916
15.9167,2.623,2.623,0.397916
15.9167,2.624,2.624,0.397916
16,2.625,2.625,0.399999
16,2.626,2.626,0.399999
16,2.627,2.627,0.399999
16,2.628,2.628,0.399999
16,2.629,2.629,0.399999
16,2.63,2.63,0.399999
16,2.631,2.631,0.399999
16,2.632,2.632,0.399999
16,2.633,2.633,0.399999
16.0833,2.634,2.634,0.402083
16.0833,2.635,2.635,0.402083
16.0833,2.636,2.636,0.402083
16.0833,2.637,2.637,0.402083
16.0833,2.638,2.638,0.402083
16.0833,2.639,2.639,0.402083
16.0833,2.64,2.64,0.402083
16.1667,2.641,2.641,0.404166
16.1667,2.642,2.642,0.404166
16.1667,2.643,2.643,0.404166
16.1667,2.644,2.644,0.404166
16.1667,2.645,2.645,0.404166
16.1667,2.646,2.646,0.404166
16.1667,2.647,2.647,0.404166
16.25,2.648,2.648,0.406249
16.1667,2.649,2.649,0.404166
16.2314,2.65,2.65,0.405785
16.1667,2.651,2.651,0.404166
16.25,2.652,2.652,0.406249
16.25,2.653,2.653,0.406249
16.25,2.654,2.654,0.406249
16.25,2.655,2.655,0.406249
16.25,2.656,2.656,0.406249
16.25,2.657,2.657,0.406249
16.2753,2.658,2.658,0.406881
16.2501,2.659,2.659,0.406251
16.3333,2.66,2.66,0.408333
16.3333,2.661,2.661,0.408333
16.3333,2.662,2.662,0.408333
16.3333,2.663,2.663,0.408333
16.3333,2.664,2.664,0.408333
16.3333,2.665,2.665,0.408333
16.404,2.666,2.666,0.410099
16.4167,2.667,2.667,0.410416
16.4167,2.668,2.668,0.410416
16.4167,2.669,2.669,0.410416
16.4167,2.67,2.67,0.410416
16.4167,2.671,2.671,0.410416
16.4167,2.672,2.672,0.410416
16.4167,2.673,2.673,0.410416
16.4167,2.674,2.674,0.410416
16.5,2.675,2.675,0.412499
16.5,2.676,2.676,0.412499
16.5,2.677,2.677,0.412499
16.5,2.678,2.678,0.412499
16.5,2.679,2.679,0.412499
16.5,2.68,2.68,0.412499
16.5,2.681,2.681,0.412499
16.5,2.682,2.682,0.412499
16.5,2.683,2.683,0.412499
16.5833,2.684,2.684,0.414583
16.5833,2.685,2.685,0.414583
16.5833,2.686,2.686,0.414583
16.5833,2.687,2.687,0.414583
16.5833,2.688,2.688,0.414583
16.5833,2.689,2.689,0.414583
16.5833,2.69,2.69,0.414583
16.6667,2.691,2.691,0.416666
16.6667,2.692,2.692,0.416666
16.6667,2.693,2.693,0.416666
16.6667,2.694,2.694,0.416666
16.6667,2.695,2.695,0.416666
16.6667,2.696,2.696,0.416666
16.6667,2.697,2.697,0.416666
16.6667,2.698,2.698,0.416666
16.6667,2.699,2.699,0.416666
16.6667,2.7,2.7,0.416666
16.6667,2.701,2.701,0.416666
16.6667,2.702,2.702,0.416666
16.6667,2.703,2.703,0.416666
16.6667,2.704,2.704,0.416666
16.75,2.705,2.705,0.418749
16.75,2.706,2.706,0.418749
16.75,2.707,2.707,0.418749
16.75,2.708,2.708,0.418749
16.75,2.709,2.709,0.418749
16.75,2.71,2.71,0.418749
16.75,2.711,2.711,0.418749
16.75,2.712,2.712,0.418749
16.8333,2.713,2.713,0.420833
16.8333,2.714,2.714,0.420833
16.8333,2.715,2.715,0.420833
16.8333,2.716,2.716,0.420833
16.8333,2.717,2.717,0.420833
16.8333,2.718,2.718,0.420833
16.8333,2.719,2.719,0.420833
16.8333,2.72,2.72,0.420833
16.9167,2.721,2.721,0.422916
16.9167,2.722,2.722,0.422916
16.9167,2.723,2.723,0.422916
16.9167,2.724,2.724,0.422916
16.9167,2.725,2.725,0.422916
16.9167,2.726,2.726,0.422916
16.9167,2.727,2.727,0.422916
16.9167,2.728,2.728,0.422916
17,2.729,2.729,0.424999
16.9167,2.73,2.73,0.422916
17,2.731,2.731,0.424999
17,2.732,2.732,0.424999
17,2.733,2.733,0.424999
17,2.734,2.734,0.424999
17,2.735,2.735,0.424999
17.0779,2.736,2.736,0.426947
17.0833,2.737,2.737,0.427083
17.0833,2.738,2.738,0.427083
17.0833,2.739,2.739,0.427083
17.0833,2.74,2.74,0.427083
17.0833,2.741,2.741,0.427083
17.0833,2.742,2.742,0.427083
17.0833,2.743,2.743,0.427083
17.1514,2.744,2.744,0.428784
17.1667,2.745,2.745,0.429166
17.1667,2.746,2.746,0.429166
17.1667,2.747,2.747,0.429166
17.1667,2.748,2.748,0.429166
17.213,2.749,2.749,0.430325
17.25,2.75,2.75,0.431249
17.25,2.751,2.751,0.431249
17.25,2.752,2.752,0.431249
17.25,2.753,2.753,0.431249
17.25,2.754,2.754,0.431249
17.25,2.755,2.755,0.431249
17.25,2.756,2.756,0.431249
17.25,2.757,2.757,0.431249
17.292,2.758,2.758,0.4323
17.3333,2.759,2.759,0.433333
17.3333,2.76,2.76,0.433333
17.3333,2.761,2.761,0.433333
17.3333,2.762,2.762,0.433333
17.3333,2.763,2.763,0.433333
17.3333,2.764,2.764,0.433333
17.3333,2.765,2.765,0.433333
17.3333,2.766,2.766,0.433333
17.3333,2.767,2.767,0.433333
17.4167,2.768,2.768,0.435416
17.4167,2.769,2.769,0.435416
17.4167,2.77,2.77,0.435416
17.4167,2.771,2.771,0.435416
17.4167,2.772,2.772,0.435416
17.4167,2.773,2.773,0.435416
17.5,2.774,2.774,0.437499
17.4167,2.775,2.775,0.435416
17.5,2.776,2.776,0.437499
17.5,2.777,2.777,0.437499
17.5,2.778,2.778,0.437499
17.5,2.779,2.779,0.437499
17.5,2.78,2.78,0.437499
17.5,2.781,2.781,0.437499
17.5,2.782,2.782,0.437499
17.5,2.783,2.783,0.437499
17.5,2.784,2.784,0.437499
17.5158,2.785,2.785,0.437893
17.5833,2.786,2.786,0.439583
17.5833,2.787,2.787,0.439583
17.5833,2.788,2.788,0.439583
17.5833,2.789,2.789,0.439583
17.5833,2.79,2.79,0.439583
17.5833,2.791,2.791,0.439583
17.5833,2.792,2.792,0.439583
17.5833,2.793,2.793,0.439583
17.5833,2.794,2.794,0.439583
17.6667,2.795,2.795,0.441666
17.6667,2.796,2.796,0.441666
17.6667,2.797,2.797,0.441666
17.6667,2.798,2.798,0.441666
17.6667,2.799,2.799,0.441666
17.6667,2.8,2.8,0.441666
17.6667,2.801,2.801,0.441666
17.75,2.802,2.802,0.443749
17.75,2.803,2.803,0.443749
17.75,2.804,2.804,0.443749
17.75,2.805,2.805,0.443749
17.75,2.806,2.806,0.443749
17.75,2.807,2.807,0.443749
17.8333,2.808,2.808,0.445833
17.8333,2.809,2.809,0.445833
17.8333,2.81,2.81,0.445833
17.8333,2.811,2.811,0.445833
17.8333,2.812,2.812,0.445833
17.8333,2.813,2.813,0.445833
17.8333,2.814,2.814,0.445833
17.9167,2.815,2.815,0.447916
17.9167,2.816,2.816,0.447916
17.9167,2.817,2.817,0.447916
17.9167,2.818,2.818,0.447916
17.9167,2.819,2.819,0.447916
17.9167,2.82,2.82,0.447916
18,2.821,2.821,0.449999
18,2.822,2.822,0.449999
18,2.823,2.823,0.449999
18,2.824,2.824,0.449999
18,2.825,2.825,0.449999
18,2.826,2.826,0.449999
18,2.827,2.827,0.449999
18.079,2.828,2.828,0.451974
18.0833,2.829,2.829,0.452083
18.0833,2.83,2.83,0.452083
18.0833,2.831,2.831,0.452083
18.0833,2.832,2.832,0.452083
18.0833,2.833,2.833,0.452083
18.0833,2.834,2.834,0.452083
18.1667,2.835,2.835,0.454166
18.1667,2.836,2.836,0.454166
18.1667,2.837,2.837,0.454166
18.1667,2.838,2.838,0.454166
18.1667,2.839,2.839,0.454166
18.1667,2.84,2.84,0.454166
18.1667,2.841,2.841,0.454166
18.1667,2.842,2.842,0.454166
18.1667,2.843,2.843,0.454166
18.25,2.844,2.844,0.456249
18.25,2.845,2.845,0.456249
18.25,2.846,2.846,0.456249
18.25,2.847,2.847,0.456249
18.25,2.848,2.848,0.456249
18.25,2.849,2.849,0.456249
18.25,2.85,2.85,0.456249
18.3333,2.851,2.851,0.458333
18.3333,2.852,2.852,0.458333
18.3333,2.853,2.853,0.458333
18.3333,2.854,2.854,0.458333
18.3333,2.855,2.855,0.458333
18.3333,2.856,2.856,0.458333
18.3333,2.857,2.857,0.458333
18.3333,2.858,2.858,0.458333
18.3333,2.859,2.859,0.458333
18.4167,2.86,2.86,0.460416
18.4167,2.861,2.861,0.460416
18.4167,2.862,2.862,0.460416
18.4167,2.863,2.863,0.460416
18.4167,2.864,2.864,0.460416
18.4621,2.865,2.865,0.461553
18.5,2.866,2.866,0.462499
18.5,2.867,2.867,0.462499
18.5,2.868,2.868,0.462499
18.5,2.869,2.869,0.462499
18.5,2.87,2.87,0.462499
18.5,2.871,2.871,0.462499
18.5833,2.872,2.872,0.464583
18.5833,2.873,2.873,0.464583
18.5833,2.874,2.874,0.464583
18.5833,2.875,2.875,0.464583
18.5833,2.876,2.876,0.464583
18.5833,2.877,2.877,0.464583
18.5833,2.878,2.878,0.464583
18.6667,2.879,2.879,0.466666
18.6667,2.88,2.88,0.466666
18.6667,2.881,2.881,0.466666
18.6667,2.882,2.882,0.466666
18.6667,2.883,2.883,0.466666
18.6667,2.884,2.884,0.466666
18.75,2.885,2.885,0.468749
18.75,2.886,2.886,0.468749
18.75,2.887,2.887,0.468749
18.75,2.888,2.888,0.468749
18.75,2.889,2.889,0.468749
18.75,2.89,2.89,0.468749
18.75,2.891,2.891,0.468749
18.75,2.892,2.892,0.468749
18.75,2.893,2.893,0.468749
18.8333,2.894,2.894,0.470833
18.8333,2.895,2.895,0.470833
18.8333,2.896,2.896,0.470833
18.8333,2.897,2.897,0.470833
18.8333,2.898,2.898,0.470833
18.8333,2.899,2.899,0.470833
18.8333,2.9,2.9,0.470833
18.9167,2.901,2.901,0.472916
18.9167,2.902,2.902,0.472916
18.9167,2.903,2.903,0.472916
18.9167,2.904,2.904,0.472916
18.9167,2.905,2.905,0.472916
19,2.906,2.906,0.474999
19,2.907,2.907,0.474999
18.9416,2.908,2.908,0.47354
19,2.909,2.909,0.474999
19,2.91,2.91,0.474999
19,2.911,2.911,0.474999
19,2.912,2.912,0.474999
19,2.913,2.913,0.474999
19.0376,2.914,2.914,0.475938
19.0833,2.915,2.915,0.477083
19.0833,2.916,2.916,0.477083
19.0833,2.917,2.917,0.477083
19.0833,2.918,2.918,0.477083
19.0833,2.919,2.919,0.477083
19.0833,2.92,2.92,0.477083
19.1667,2.921,2.921,0.479166
19.1667,2.922,2.922,0.479166
19.1667,2.923,2.923,0.479166
19.1667,2.924,2.924,0.479166
19.1667,2.925,2.925,0.479166
19.1667,2.926,2.926,0.479166
19.25,2.927,2.927,0.481249
19.25,2.928,2.928,0.481249
19.25,2.929,2.929,0.481249
19.25,2.93,2.93,0.481249
19.25,2.931,2.931,0.481249
19.25,2.932,2.932,0.481249
19.25,2.933,2.933,0.481249
19.25,2.934,2.934,0.481249
19.3333,2.935,2.935,0.483333
19.3333,2.936,2.936,0.483333
19.3333,2.937,2.937,0.483333
19.4167,2.938,2.938,0.485416
19.4167,2.939,2.939,0.485416
19.4167,2.94,2.94,0.485416
19.4167,2.941,2.941,0.485416
19.4167,2.942,2.942,0.485416
19.4167,2.943,2.943,0.485416
19.4167,2.944,2.944,0.485416
19.4167,2.945,2.945,0.485416
19.5,2.946,2.946,0.487499
19.5,2.947,2.947,0.487499
19.5,2.948,2.948,0.487499
19.5,2.949,2.949,0.487499
19.5,2.95,2.95,0.487499
19.5,2.951,2.951,0.487499
19.5,2.952,2.952,0.487499
19.5833,2.953,2.953,0.489583
19.5833,2.954,2.954,0.489583
19.5833,2.955,2.955,0.489583
19.5833,2.956,2.956,0.489583
19.5833,2.957,2.957,0.489583
19.6667,2.958,2.958,0.491666
19.6667,2.959,2.959,0.491666
19.5833,2.96,2.96,0.489583
19.6667,2.961,2.961,0.491666
19.6667,2.962,2.962,0.491666
19.6667,2.963,2.963,0.491666
19.6712,2.964,2.964,0.491779
19.75,2.965,2.965,0.493749
19.75,2.966,2.966,0.493749
19.75,2.967,2.967,0.493749
19.75,2.968,2.968,0.493749
19.75,2.969,2.969,0.493749
19.75,2.97,2.97,0.493749
19.8333,2.971,2.971,0.495833
19.8333,2.972,2.972,0.495833
19.8333,2.973,2.973,0.495833
19.8333,2.974,2.974,0.495833
19.8333,2.975,2.975,0.495833
19.8333,2.976,2.976,0.495833
19.8333,2.977,2.977,0.495833
19.9167,2.978,2.978,0.497916
19.9167,2.979,2.979,0.497916
19.9167,2.98,2.98,0.497916
19.9167,2.981,2.981,0.497916
19.9167,2.982,2.982,0.497916
19.9167,2.983,2.983,0.497916
19.9167,2.984,2.984,0.497916
20,2.985,2.985,0.499999
20,2.986,2.986,0.499999
20,2.987,2.987,0.499999
20,2.988,2.988,0.499999
20,2.989,2.989,0.499999
20,2.99,2.99,0.499999
20.0833,2.991,2.991,0.502083
20,2.992,2.992,0.499999
20.0833,2.993,2.993,0.502083
20.0833,2.994,2.994,0.502083
20.0833,2.995,2.995,0.502083
20.1667,2.996,2.996,0.504166
20.1569,2.997,2.997,0.503921
20.1667,2.998,2.998,0.504166
20.1667,2.999,2.999,0.504166
20.1667,3,3,0.504166
20.1667,3.001,3.001,0.504166
20.1667,3.002,3.002,0.504166
20.1667,3.003,3.003,0.504166
20.1667,3.004,3.004,0.504166
20.1667,3.005,3.005,0.504166
20.25,3.006,3.006,0.506249
20.25,3.007,3.007,0.506249
20.25,3.008,3.008,0.506249
20.25,3.009,3.009,0.506249
20.25,3.01,3.01,0.506249
20.3333,3.011,3.011,0.508333
20.3333,3.012,3.012,0.508333
20.3333,3.013,3.013,0.508333
20.3333,3.014,3.014,0.508333
20.3333,3.015,3.015,0.508333
20.4167,3.016,3.016,0.510416
20.3333,3.017,3.017,0.508333
20.3682,3.018,3.018,0.509205
20.4167,3.019,3.019,0.510416
20.4167,3.02,3.02,0.510416
20.4167,3.021,3.021,0.510416
20.4167,3.022,3.022,0.510416
20.4167,3.023,3.023,0.510416
20.4167,3.024,3.024,0.510416
20.4382,3.025,3.025,0.510955
20.5,3.026,3.026,0.512499
20.5,3.027,3.027,0.512499
20.5,3.028,3.028,0.512499
20.5,3.029,3.029,0.512499
20.5833,3.03,3.03,0.514583
20.5833,3.031,3.031,0.514583
20.5833,3.032,3.032,0.514583
20.5833,3.033,3.033,0.514583
20.5833,3.034,3.034,0.514583
20.5833,3.035,3.035,0.514583
20.5833,3.036,3.036,0.514583
20.5833,3.037,3.037,0.514583
20.6045,3.038,3.038,0.515111
20.6667,3.039,3.039,0.516666
20.6667,3.04,3.04,0.516666
20.6667,3.041,3.041,0.516666
20.6667,3.042,3.042,0.516666
20.6667,3.043,3.043,0.516666
20.6667,3.044,3.044,0.516666
20.75,3.045,3.045,0.518749
20.6667,3.046,3.046,0.516666
20.75,3.047,3.047,0.518749
20.75,3.048,3.048,0.518749
20.75,3.049,3.049,0.518749
20.75,3.05,3.05,0.518749
20.8129,3.051,3.051,0.520321
20.75,3.052,3.052,0.518749
20.8333,3.053,3.053,0.520833
20.8333,3.054,3.054,0.520833
20.8333,3.055,3.055,0.520833
20.8333,3.056,3.056,0.520833
20.8333,3.057,3.057,0.520833
20.8333,3.058,3.058,0.520833
20.9167,3.059,3.059,0.522916
20.9167,3.06,3.06,0.522916
20.9167,3.061,3.061,0.522916
20.9167,3.062,3.062,0.522916
20.9167,3.063,3.063,0.522916
20.9167,3.064,3.064,0.522916
21,3.065,3.065,0.524999
21,3.066,3.066,0.524999
21,3.067,3.067,0.524999
21,3.068,3.068,0.524999
21,3.069,3.069,0.524999
21,3.07,3.07,0.524999
21,3.071,3.071,0.524999
21.0833,3.072,3.072,0.527083
21.0833,3.073,3.073,0.527083
21.0833,3.074,3.074,0.527083
21.0833,3.075,3.075,0.527083
21.0833,3.076,3.076,0.527083
21.0833,3.077,3.077,0.527083
21.0833,3.078,3.078,0.527083
21.0833,3.079,3.079,0.527083
21.1667,3.08,3.08,0.529166
21.1667,3.081,3.081,0.529166
21.1667,3.082,3.082,0.529166
21.1667,3.083,3.083,0.529166
21.1667,3.084,3.084,0.529166
21.25,3.085,3.085,0.531249
21.25,3.086,3.086,0.531249
21.25,3.087,3.087,0.531249
21.25,3.088,3.088,0.531249
21.25,3.089,3.089,0.531249
21.3333,3.09,3.09,0.533333
21.3333,3.091,3.091,0.533333
21.3333,3.092,3.092,0.533333
21.3333,3.093,3.093,0.533333
21.3333,3.094,3.094,0.533333
21.3333,3.095,3.095,0.533333
21.4167,3.096,3.096,0.535416
21.4167,3.097,3.097,0.535416
21.4167,3.098,3.098,0.535416
21.4167,3.099,3.099,0.535416
21.4167,3.1,3.1,0.535416
21.4167,3.101,3.101,0.535416
21.4167,3.102,3.102,0.535416
21.5,3.103,3.103,0.537499
21.5,3.104,3.104,0.537499
21.5,3.105,3.105,0.537499
21.5,3.106,3.106,0.537499
21.5,3.107,3.107,0.537499
21.5833,3.108,3.108,0.539583
21.5833,3.109,3.109,0.539583
21.5833,3.11,3.11,0.539583
21.5833,3.111,3.111,0.539583
21.5833,3.112,3.112,0.539583
21.5833,3.113,3.113,0.539583
21.6667,3.114,3.114,0.541666
21.6667,3.115,3.115,0.541666
21.6667,3.116,3.116,0.541666
21.6667,3.117,3.117,0.541666
21.6667,3.118,3.118,0.541666
21.6667,3.119,3.119,0.541666
21.75,3.12,3.12,0.543749
21.75,3.121,3.121,0.543749
21.75,3.122,3.122,0.543749
21.75,3.123,3.123,0.543749
21.8127,3.124,3.124,0.545315
21.8333,3.125,3.125,0.545833
21.8333,3.126,3.126,0.545833
21.8333,3.127,3.127,0.545833
21.8333,3.128,3.128,0.545833
21.8333,3.129,3.129,0.545833
21.8333,3.13,3.13,0.545833
21.9167,3.131,3.131,0.547916
21.9167,3.132,3.132,0.547916
21.9167,3.133,3.133,0.547916
21.9167,3.134,3.134,0.547916
21.9167,3.135,3.135,0.547916
21.9167,3.136,3.136,0.547916
21.9167,3.137,3.137,0.547916
21.9167,3.138,3.138,0.547916
22,3.139,3.139,0.549999
22,3.14,3.14,0.549999
22,3.141,3.141,0.549999
22.0833,3.142,3.142,0.552082
22,3.143,3.143,0.549999
22.0833,3.144,3.144,0.552082
22.0833,3.145,3.145,0.552082
22.0833,3.146,3.146,0.552082
22.0833,3.147,3.147,0.552082
22.0833,3.148,3.148,0.552082
22.0833,3.149,3.149,0.552082
22.0833,3.15,3.15,0.552082
22.1667,3.151,3.151,0.554166
22.1667,3.152,3.152,0.554166
22.1667,3.153,3.153,0.554166
22.1667,3.154,3.154,0.554166
22.1667,3.155,3.155,0.554166
22.1667,3.156,3.156,0.554166
22.1667,3.157,3.157,0.554166
22.25,3.158,3.158,0.556249
22.25,3.159,3.159,0.556249
22.25,3.16,3.16,0.556249
22.25,3.161,3.161,0.556249
22.25,3.162,3.162,0.556249
22.25,3.163,3.163,0.556249
22.25,3.164,3.164,0.556249
22.25,3.165,3.165,0.556249
22.25,3.166,3.166,0.556249
22.3333,3.167,3.167,0.558332
22.3333,3.168,3.168,0.558332
22.3333,3.169,3.169,0.558332
22.3333,3.17,3.17,0.558332
22.3333,3.171,3.171,0.558332
22.3333,3.172,3.172,0.558332
22.3333,3.173,3.173,0.558332
22.4167,3.174,3.174,0.560416
22.4167,3.175,3.175,0.560416
22.4167,3.176,3.176,0.560416
22.4167,3.177,3.177,0.560416
22.4554,3.178,3.178,0.561383
22.5,3.179,3.179,0.562499
22.5,3.18,3.18,0.562499
22.5,3.181,3.181,0.562499
22.5,3.182,3.182,0.562499
22.5,3.183,3.183,0.562499
22.5,3.184,3.184,0.562499
22.5833,3.185,3.185,0.564582
22.5833,3.186,3.186,0.564582
22.5833,3.187,3.187,0.564582
22.5833,3.188,3.188,0.564582
22.5833,3.189,3.189,0.564582
22.5833,3.19,3.19,0.564582
22.6563,3.191,3.191,0.566408
22.6667,3.192,3.192,0.566666
22.6667,3.193,3.193,0.566666
22.6667,3.194,3.194,0.566666
22.6667,3.195,3.195,0.566666
22.7153,3.196,3.196,0.567883
22.75,3.197,3.197,0.568749
22.75,3.198,3.198,0.568749
22.75,3.199,3.199,0.568749
22.75,3.2,3.2,0.568749
22.75,3.201,3.201,0.568749
22.75,3.202,3.202,0.568749
22.75,3.203,3.203,0.568749
22.75,3.204,3.204,0.568749
22.8333,3.205,3.205,0.570832
22.8333,3.206,3.206,0.570832
22.8333,3.207,3.207,0.570832
22.8333,3.208,3.208,0.570832
22.8333,3.209,3.209,0.570832
22.8333,3.21,3.21,0.570832
22.9167,3.211,3.211,0.572916
22.8333,3.212,3.212,0.570832
22.9167,3.213,3.213,0.572916
22.9167,3.214,3.214,0.572916
22.9167,3.215,3.215,0.572916
22.9167,3.216,3.216,0.572916
22.9264,3.217,3.217,0.57316
23,3.218,3.218,0.574999
23,3.219,3.219,0.574999
23,3.22,3.22,0.574999
23,3.221,3.221,0.574999
23.0833,3.222,3.222,0.577082
23.0833,3.223,3.223,0.577082
23.0833,3.224,3.224,0.577082
23.0833,3.225,3.225,0.577082
23.0833,3.226,3.226,0.577082
23.0833,3.227,3.227,0.577082
23.0833,3.228,3.228,0.577082
23.1182,3.229,3.229,0.577955
23.1667,3.23,3.23,0.579166
23.1667,3.231,3.231,0.579166
23.1667,3.232,3.232,0.579166
23.1667,3.233,3.233,0.579166
23.25,3.234,3.234,0.581249
23.25,3.235,3.235,0.581249
23.25,3.236,3.236,0.581249
23.25,3.237,3.237,0.581249
23.25,3.238,3.238,0.581249
23.25,3.239,3.239,0.581249
23.3333,3.24,3.24,0.583332
23.3333,3.241,3.241,0.583332
23.3333,3.242,3.242,0.583332
23.3333,3.243,3.243,0.583332
23.3333,3.244,3.244,0.583332
23.3333,3.245,3.245,0.583332
23.3333,3.246,3.246,0.583332
23.4167,3.247,3.247,0.585416
23.4167,3.248,3.248,0.585416
23.4167,3.249,3.249,0.585416
23.4167,3.25,3.25,0.585416
23.5,3.251,3.251,0.587499
23.5,3.252,3.252,0.587499
23.5,3.253,3.253,0.587499
23.5,3.254,3.254,0.587499
23.5,3.255,3.255,0.587499
23.5,3.256,3.256,0.587499
23.5833,3.257,3.257,0.589582
23.5833,3.258,3.258,0.589582
23.5833,3.259,3.259,0.589582
23.6667,3.26,3.26,0.591666
23.5833,3.261,3.261,0.589582
23.6667,3.262,3.262,0.591666
23.6667,3.263,3.263,0.591666
23.6667,3.264,3.264,0.591666
23.6943,3.265,3.265,0.592356
23.75,3.266,3.266,0.593749
23.75,3.267,3.267,0.593749
23.75,3.268,3.268,0.593749
23.75,3.269,3.269,0.593749
23.75,3.27,3.27,0.593749
23.7899,3.271,3.271,0.594747
23.8333,3.272,3.272,0.595832
23.8333,3.273,3.273,0.595832
23.8333,3.274,3.274,0.595832
23.8333,3.275,3.275,0.595832
23.8333,3.276,3.276,0.595832
23.9167,3.277,3.277,0.597916
23.9167,3.278,3.278,0.597916
23.9167,3.279,3.279,0.597916
23.9167,3.28,3.28,0.597916
23.9167,3.281,3.281,0.597916
24,3.282,3.282,0.599999
24,3.283,3.283,0.599999
24,3.284,3.284,0.599999
24,3.285,3.285,0.599999
24,3.286,3.286,0.599999
24,3.287,3.287,0.599999
24.0204,3.288,3.288,0.600509
24.0833,3.289,3.289,0.602082
24.0833,3.29,3.29,0.602082
24.0833,3.291,3.291,0.602082
24.0833,3.292,3.292,0.602082
24.1667,3.293,3.293,0.604166
24.1667,3.294,3.294,0.604166
24.1667,3.295,3.295,0.604166
24.1667,3.296,3.296,0.604166
24.1667,3.297,3.297,0.604166
24.2373,3.298,3.298,0.605933
24.25,3.299,3.299,0.606249
24.25,3.3,3.3,0.606249
24.25,3.301,3.301,0.606249
24.25,3.302,3.302,0.606249
24.25,3.303,3.303,0.606249
24.3333,3.304,3.304,0.608332
24.3333,3.305,3.305,0.608332
24.3333,3.306,3.306,0.608332
24.3333,3.307,3.307,0.608332
24.3397,3.308,3.308,0.608492
24.4167,3.309,3.309,0.610416
24.4167,3.31,3.31,0.610416
24.4167,3.311,3.311,0.610416
24.4167,3.312,3.312,0.610416
24.4167,3.313,3.313,0.610416
24.4167,3.314,3.314,0.610416
24.4167,3.315,3.315,0.610416
24.5,3.316,3.316,0.612499
24.5,3.317,3.317,0.612499
24.5,3.318,3.318,0.612499
24.5,3.319,3.319,0.612499
24.5,3.32,3.32,0.612499
24.5,3.321,3.321,0.612499
24.5833,3.322,3.322,0.614582
24.5833,3.323,3.323,0.614582
24.5833,3.324,3.324,0.614582
24.5,3.325,3.325,0.612499
24.5,3.326,3.326,0.612499
24.5833,3.327,3.327,0.614582
24.5833,3.328,3.328,0.614582
24.5833,3.329,3.329,0.614582
24.5833,3.33,3.33,0.614582
24.5833,3.331,3.331,0.614582
24.6667,3.332,3.332,0.616666
24.6667,3.333,3.333,0.616666
24.5833,3.334,3.334,0.614582
24.6473,3.335,3.335,0.616181
24.6667,3.336,3.336,0.616666
24.5833,3.337,3.337,0.614582
24.5833,3.338,3.338,0.614582
24.6667,3.339,3.339,0.616666
24.6667,3.34,3.34,0.616666
24.6667,3.341,3.341,0.616666
24.6667,3.342,3.342,0.616666
24.6667,3.343,3.343,0.616666
24.6667,3.344,3.344,0.616666
24.6667,3.345,3.345,0.616666
24.6981,3.346,3.346,0.617451
24.75,3.347,3.347,0.618749
24.6667,3.348,3.348,0.616666
24.6667,3.349,3.349,0.616666
24.75,3.35,3.35,0.618749
24.75,3.351,3.351,0.618749
24.75,3.352,3.352,0.618749
24.75,3.353,3.353,0.618749
24.75,3.354,3.354,0.618749
24.75,3.355,3.355,0.618749
24.75,3.356,3.356,0.618749
24.75,3.357,3.357,0.618749
24.75,3.358,3.358,0.618749
24.75,3.359,3.359,0.618749
24.75,3.36,3.36,0.618749
24.75,3.361,3.361,0.618749
24.8333,3.362,3.362,0.620832
24.8333,3.363,3.363,0.620832
24.8333,3.364,3.364,0.620832
24.8333,3.365,3.365,0.620832
24.8333,3.366,3.366,0.620832
24.8333,3.367,3.367,0.620832
24.8333,3.368,3.368,0.620832
24.8578,3.369,3.369,0.621445
24.9167,3.37,3.37,0.622916
24.8333,3.371,3.371,0.620832
24.9167,3.372,3.372,0.622916
24.9167,3.373,3.373,0.622916
25,3.374,3.374,0.624999
24.9167,3.375,3.375,0.622916
25,3.376,3.376,0.624999
25,3.377,3.377,0.624999
25,3.378,3.378,0.624999
25,3.379,3.379,0.624999
25.0833,3.38,3.38,0.627082
25.0833,3.381,3.381,0.627082
25.0243,3.382,3.382,0.625606
25.0819,3.383,3.383,0.627046
25.0833,3.384,3.384,0.627082
25.0833,3.385,3.385,0.627082
25.0785,3.386,3.386,0.626961
25.0833,3.387,3.387,0.627082
25.0833,3.388,3.388,0.627082
25.0833,3.389,3.389,0.627082
25.0833,3.39,3.39,0.627082
25,3.391,3.391,0.624999
25,3.392,3.392,0.624999
25,3.393,3.393,0.624999
25,3.394,3.394,0.624999
25.0229,3.395,3.395,0.625572
25,3.396,3.396,0.624999
25.0833,3.397,3.397,0.627082
25.0833,3.398,3.398,0.627082
25.0833,3.399,3.399,0.627082
25.0833,3.4,3.4,0.627082
25.1667,3.401,3.401,0.629166
25.1667,3.402,3.402,0.629166
25.1667,3.403,3.403,0.629166
25.1667,3.404,3.404,0.629166
25.25,3.405,3.405,0.631249
25.25,3.406,3.406,0.631249
25.25,3.407,3.407,0.631249
25.25,3.408,3.408,0.631249
25.25,3.409,3.409,0.631249
25.2782,3.41,3.41,0.631955
25.25,3.411,3.411,0.631249
25.3333,3.412,3.412,0.633332
25.3333,3.413,3.413,0.633332
25.3333,3.414,3.414,0.633332
25.3333,3.415,3.415,0.633332
25.4015,3.416,3.416,0.635036
25.4167,3.417,3.417,0.635416
25.4167,3.418,3.418,0.635416
25.4167,3.419,3.419,0.635416
25.5,3.42,3.42,0.637499
25.5,3.421,3.421,0.637499
25.5,3.422,3.422,0.637499
25.5,3.423,3.423,0.637499
25.5,3.424,3.424,0.637499
25.5,3.425,3.425,0.637499
25.5833,3.426,3.426,0.639582
25.5833,3.427,3.427,0.639582
25.5833,3.428,3.428,0.639582
25.5833,3.429,3.429,0.639582
25.5833,3.43,3.43,0.639582
25.5833,3.431,3.431,0.639582
25.6573,3.432,3.432,0.641433
25.6667,3.433,3.433,0.641666
25.6667,3.434,3.434,0.641666
25.6667,3.435,3.435,0.641666
25.6667,3.436,3.436,0.641666
25.6667,3.437,3.437,0.641666
25.75,3.438,3.438,0.643749
25.75,3.439,3.439,0.643749
25.75,3.44,3.44,0.643749
25.75,3.441,3.441,0.643749
25.75,3.442,3.442,0.643749
25.8333,3.443,3.443,0.645832
25.8333,3.444,3.444,0.645832
25.8333,3.445,3.445,0.645832
25.8333,3.446,3.446,0.645832
25.8333,3.447,3.447,0.645832
25.8333,3.448,3.448,0.645832
25.8333,3.449,3.449,0.645832
25.8333,3.45,3.45,0.645832
25.8333,3.451,3.451,0.645832
25.8333,3.452,3.452,0.645832
25.8817,3.453,3.453,0.647041
25.8333,3.454,3.454,0.645832
25.9167,3.455,3.455,0.647916
25.9167,3.456,3.456,0.647916
25.9167,3.457,3.457,0.647916
25.9167,3.458,3.458,0.647916
25.9167,3.459,3.459,0.647916
26,3.46,3.46,0.649999
26,3.461,3.461,0.649999
26,3.462,3.462,0.649999
26,3.463,3.463,0.649999
26,3.464,3.464,0.649999
26,3.465,3.465,0.649999
26,3.466,3.466,0.649999
26.009,3.467,3.467,0.650223
26.0833,3.468,3.468,0.652082
26.0833,3.469,3.469,0.652082
26.0833,3.47,3.47,0.652082
26.0833,3.471,3.471,0.652082
26.1667,3.472,3.472,0.654166
26.1667,3.473,3.473,0.654166
26.1667,3.474,3.474,0.654166
26.1667,3.475,3.475,0.654166
26.1667,3.476,3.476,0.654166
26.2473,3.477,3.477,0.656181
26.25,3.478,3.478,0.656249
26.25,3.479,3.479,0.656249
26.25,3.48,3.48,0.656249
26.25,3.481,3.481,0.656249
26.25,3.482,3.482,0.656249
26.25,3.483,3.483,0.656249
26.25,3.484,3.484,0.656249
26.25,3.485,3.485,0.656249
26.25,3.486,3.486,0.656249
26.3307,3.487,3.487,0.658265
26.3333,3.488,3.488,0.658332
26.3333,3.489,3.489,0.658332
26.3333,3.49,3.49,0.658332
26.3333,3.491,3.491,0.658332
26.3333,3.492,3.492,0.658332
26.3333,3.493,3.493,0.658332
26.3333,3.494,3.494,0.658332
26.4167,3.495,3.495,0.660416
26.4167,3.496,3.496,0.660416
26.4167,3.497,3.497,0.660416
26.4167,3.498,3.498,0.660416
26.4167,3.499,3.499,0.660416
26.4167,3.5,3.5,0.660416
26.4167,3.501,3.501,0.660416
26.5,3.502,3.502,0.662499
26.5,3.503,3.503,0.662499
26.5,3.504,3.504,0.662499
26.5,3.505,3.505,0.662499
26.5833,3.506,3.506,0.664582
26.5,3.507,3.507,0.662499
26.5833,3.508,3.508,0.664582
26.5833,3.509,3.509,0.664582
26.5833,3.51,3.51,0.664582
26.5833,3.511,3.511,0.664582
26.5833,3.512,3.512,0.664582
26.5833,3.513,3.513,0.664582
26.5833,3.514,3.514,0.664582
26.6667,3.515,3.515,0.666666
26.6667,3.516,3.516,0.666666
26.6667,3.517,3.517,0.666666
26.6667,3.518,3.518,0.666666
26.6667,3.519,3.519,0.666666
26.6667,3.52,3.52,0.666666
26.7212,3.521,3.521,0.66803
26.75,3.522,3.522,0.668749
26.75,3.523,3.523,0.668749
26.75,3.524,3.524,0.668749
26.75,3.525,3.525,0.668749
26.75,3.526,3.526,0.668749
26.75,3.527,3.527,0.668749
26.75,3.528,3.528,0.668749
26.75,3.529,3.529,0.668749
26.75,3.53,3.53,0.668749
26.75,3.531,3.531,0.668749
26.7575,3.532,3.532,0.668936
26.8333,3.533,3.533,0.670832
26.8333,3.534,3.534,0.670832
26.8333,3.535,3.535,0.670832
26.8333,3.536,3.536,0.670832
26.8333,3.537,3.537,0.670832
26.8333,3.538,3.538,0.670832
26.8333,3.539,3.539,0.670832
26.8333,3.54,3.54,0.670832
26.8333,3.541,3.541,0.670832
26.8333,3.542,3.542,0.670832
26.8333,3.543,3.543,0.670832
26.8333,3.544,3.544,0.670832
26.8403,3.545,3.545,0.671007
26.9167,3.546,3.546,0.672916
26.9167,3.547,3.547,0.672916
26.9167,3.548,3.548,0.672916
26.9167,3.549,3.549,0.672916
26.9167,3.55,3.55,0.672916
26.9167,3.551,3.551,0.672916
26.9167,3.552,3.552,0.672916
26.9167,3.553,3.553,0.672916
26.9167,3.554,3.554,0.672916
26.9167,3.555,3.555,0.672916
26.9167,3.556,3.556,0.672916
26.9485,3.557,3.557,0.67371
27,3.558,3.558,0.674999
27,3.559,3.559,0.674999
27,3.56,3.56,0.674999
27,3.561,3.561,0.674999
27,3.562,3.562,0.674999
27,3.563,3.563,0.674999
27.0833,3.564,3.564,0.677082
27,3.565,3.565,0.674999
27,3.566,3.566,0.674999
27.0833,3.567,3.567,0.677082
27.0833,3.568,3.568,0.677082
27.0833,3.569,3.569,0.677082
27.0833,3.57,3.57,0.677082
27.0833,3.571,3.571,0.677082
27.0833,3.572,3.572,0.677082
27.0833,3.573,3.573,0.677082
27.0833,3.574,3.574,0.677082
27.1667,3.575,3.575,0.679166
27.1667,3.576,3.576,0.679166
27.1667,3.577,3.577,0.679166
27.1667,3.578,3.578,0.679166
27.1667,3.579,3.579,0.679166
27.1667,3.58,3.58,0.679166
27.2495,3.581,3.581,0.681238
27.1667,3.582,3.582,0.679166
27.1667,3.583,3.583,0.679166
27.25,3.584,3.584,0.681249
27.25,3.585,3.585,0.681249
27.25,3.586,3.586,0.681249
27.25,3.587,3.587,0.681249
27.25,3.588,3.588,0.681249
27.25,3.589,3.589,0.681249
27.25,3.59,3.59,0.681249
27.3333,3.591,3.591,0.683332
27.3333,3.592,3.592,0.683332
27.3333,3.593,3.593,0.683332
27.3333,3.594,3.594,0.683332
27.3333,3.595,3.595,0.683332
27.3333,3.596,3.596,0.683332
27.3333,3.597,3.597,0.683332
27.3333,3.598,3.598,0.683332
27.3705,3.599,3.599,0.684261
27.4167,3.6,3.6,0.685416
27.4167,3.601,3.601,0.685416
27.4167,3.602,3.602,0.685416
27.4167,3.603,3.603,0.685416
27.4922,3.604,3.604,0.687304
27.5,3.605,3.605,0.687499
27.5,3.606,3.606,0.687499
27.5,3.607,3.607,0.687499
27.5,3.608,3.608,0.687499
27.5,3.609,3.609,0.687499
27.5,3.61,3.61,0.687499
27.5,3.611,3.611,0.687499
27.5367,3.612,3.612,0.688417
27.5833,3.613,3.613,0.689582
27.5833,3.614,3.614,0.689582
27.5833,3.615,3.615,0.689582
27.5833,3.616,3.616,0.689582
27.5833,3.617,3.617,0.689582
27.5833,3.618,3.618,0.689582
27.6667,3.619,3.619,0.691666
27.6667,3.62,3.62,0.691666
27.6667,3.621,3.621,0.691666
27.6667,3.622,3.622,0.691666
27.6667,3.623,3.623,0.691666
27.75,3.624,3.624,0.693749
27.75,3.625,3.625,0.693749
27.75,3.626,3.626,0.693749
27.75,3.627,3.627,0.693749
27.75,3.628,3.628,0.693749
27.75,3.629,3.629,0.693749
27.75,3.63,3.63,0.693749
27.7991,3.631,3.631,0.694976
27.8333,3.632,3.632,0.695832
27.8333,3.633,3.633,0.695832
27.8333,3.634,3.634,0.695832
27.8333,3.635,3.635,0.695832
27.8333,3.636,3.636,0.695832
27.9167,3.637,3.637,0.697916
27.9167,3.638,3.638,0.697916
27.9167,3.639,3.639,0.697916
27.9167,3.64,3.64,0.697916
27.9167,3.641,3.641,0.697916
27.9167,3.642,3.642,0.697916
27.9167,3.643,3.643,0.697916
28,3.644,3.644,0.699999
28,3.645,3.645,0.699999
28,3.646,3.646,0.699999
28,3.647,3.647,0.699999
28,3.648,3.648,0.699999
28.004,3.649,3.649,0.700098
28.0833,3.65,3.65,0.702082
28.0833,3.651,3.651,0.702082
28.0833,3.652,3.652,0.702082
28.0833,3.653,3.653,0.702082
28.1667,3.654,3.654,0.704166
28.1502,3.655,3.655,0.703755
28.1667,3.656,3.656,0.704166
28.1667,3.657,3.657,0.704166
28.1667,3.658,3.658,0.704166
28.1667,3.659,3.659,0.704166
28.25,3.66,3.66,0.706249
28.25,3.661,3.661,0.706249
28.25,3.662,3.662,0.706249
28.25,3.663,3.663,0.706249
28.25,3.664,3.664,0.706249
28.3333,3.665,3.665,0.708332
28.3333,3.666,3.666,0.708332
28.3333,3.667,3.667,0.708332
28.3333,3.668,3.668,0.708332
28.3333,3.669,3.669,0.708332
28.3333,3.67,3.67,0.708332
28.4167,3.671,3.671,0.710416
28.4167,3.672,3.672,0.710416
28.4167,3.673,3.673,0.710416
28.4167,3.674,3.674,0.710416
28.4167,3.675,3.675,0.710416
28.4167,3.676,3.676,0.710416
28.4167,3.677,3.677,0.710416
28.5,3.678,3.678,0.712499
28.5,3.679,3.679,0.712499
28.5,3.68,3.68,0.712499
28.5,3.681,3.681,0.712499
28.5,3.682,3.682,0.712499
28.5833,3.683,3.683,0.714582
28.5833,3.684,3.684,0.714582
28.5833,3.685,3.685,0.714582
28.5833,3.686,3.686,0.714582
28.5833,3.687,3.687,0.714582
28.5833,3.688,3.688,0.714582
28.6667,3.689,3.689,0.716666
28.6667,3.69,3.69,0.716666
28.6667,3.691,3.691,0.716666
28.75,3.692,3.692,0.718749
28.75,3.693,3.693,0.718749
28.75,3.694,3.694,0.718749
28.75,3.695,3.695,0.718749
28.75,3.696,3.696,0.718749
28.75,3.697,3.697,0.718749
28.75,3.698,3.698,0.718749
28.8318,3.699,3.699,0.720793
28.75,3.7,3.7,0.718749
28.799,3.701,3.701,0.719974
28.8333,3.702,3.702,0.720832
28.8333,3.703,3.703,0.720832
28.8333,3.704,3.704,0.720832
28.8333,3.705,3.705,0.720832
28.8333,3.706,3.706,0.720832
28.9167,3.707,3.707,0.722916
28.9167,3.708,3.708,0.722916
28.9167,3.709,3.709,0.722916
28.9167,3.71,3.71,0.722916
28.9167,3.711,3.711,0.722916
28.9773,3.712,3.712,0.724431
28.9167,3.713,3.713,0.722916
29,3.714,3.714,0.724999
29,3.715,3.715,0.724999
29,3.716,3.716,0.724999
29.06,3.717,3.717,0.726499
29.0833,3.718,3.718,0.727082
29.0833,3.719,3.719,0.727082
29.0833,3.72,3.72,0.727082
29.0833,3.721,3.721,0.727082
29.1446,3.722,3.722,0.728615
29.1667,3.723,3.723,0.729166
29.1667,3.724,3.724,0.729166
29.1667,3.725,3.725,0.729166
29.1667,3.726,3.726,0.729166
29.1667,3.727,3.727,0.729166
29.1667,3.728,3.728,0.729166
29.25,3.729,3.729,0.731249
29.25,3.73,3.73,0.731249
29.25,3.731,3.731,0.731249
29.25,3.732,3.732,0.731249
29.25,3.733,3.733,0.731249
29.25,3.734,3.734,0.731249
29.25,3.735,3.735,0.731249
29.2847,3.736,3.736,0.732116
29.3333,3.737,3.737,0.733332
29.3333,3.738,3.738,0.733332
29.3333,3.739,3.739,0.733332
29.3333,3.74,3.74,0.733332
29.4167,3.741,3.741,0.735416
29.4167,3.742,3.742,0.735416
29.4167,3.743,3.743,0.735416
29.4167,3.744,3.744,0.735416
29.4167,3.745,3.745,0.735416
29.4167,3.746,3.746,0.735416
29.4167,3.747,3.747,0.735416
29.5,3.748,3.748,0.737499
29.5,3.749,3.749,0.737499
29.5,3.75,3.75,0.737499
29.5,3.751,3.751,0.737499
29.5,3.752,3.752,0.737499
29.5421,3.753,3.753,0.73855
29.5,3.754,3.754,0.737499
29.5833,3.755,3.755,0.739582
29.5833,3.756,3.756,0.739582
29.5833,3.75696,3.75696,0.739582
29.5833,3.758,3.758,0.739582
29.5833,3.759,3.759,0.739582
29.6667,3.76,3.76,0.741666
29.6667,3.761,3.761,0.741666
29.6667,3.762,3.762,0.741666
29.6667,3.763,3.763,0.741666
29.7333,3.764,3.764,0.743331
29.6667,3.765,3.765,0.741666
29.75,3.766,3.766,0.743749
29.75,3.767,3.767,0.743749
29.75,3.768,3.768,0.743749
29.75,3.769,3.769,0.743749
29.8333,3.77,3.77,0.745832
29.8333,3.771,3.771,0.745832
29.8333,3.772,3.772,0.745832
29.8333,3.773,3.773,0.745832
29.8333,3.774,3.774,0.745832
29.8333,3.775,3.775,0.745832
29.9167,3.776,3.776,0.747916
29.8333,3.777,3.777,0.745832
29.9167,3.778,3.778,0.747916
29.9167,3.779,3.779,0.747916
29.9167,3.78,3.78,0.747916
29.9167,3.781,3.781,0.747916
29.9167,3.782,3.782,0.747916
29.9167,3.783,3.783,0.747916
30,3.784,3.784,0.749999
30,3.785,3.785,0.749999
30,3.786,3.786,0.749999
30,3.787,3.787,0.749999
30,3.788,3.788,0.749999
30.0833,3.789,3.789,0.752082
30.0833,3.79,3.79,0.752082
30.0833,3.791,3.791,0.752082
30.0833,3.792,3.792,0.752082
30.0833,3.793,3.793,0.752082
30.0833,3.794,3.794,0.752082
30.1667,3.795,3.795,0.754166
30.0833,3.796,3.796,0.752082
30.1667,3.797,3.797,0.754166
30.1667,3.798,3.798,0.754166
30.1667,3.799,3.799,0.754166
30.1667,3.8,3.8,0.754166
30.1667,3.801,3.801,0.754166
30.25,3.802,3.802,0.756249
30.25,3.803,3.803,0.756249
30.25,3.804,3.804,0.756249
30.25,3.805,3.805,0.756249
30.25,3.806,3.806,0.756249
30.3333,3.807,3.807,0.758332
30.3333,3.808,3.808,0.758332
30.3333,3.809,3.809,0.758332
30.3333,3.81,3.81,0.758332
30.3333,3.811,3.811,0.758332
30.3333,3.812,3.812,0.758332
30.3502,3.813,3.813,0.758753
30.4167,3.814,3.814,0.760416
30.4167,3.815,3.815,0.760416
30.4167,3.816,3.816,0.760416
30.4167,3.817,3.817,0.760416
30.4303,3.818,3.818,0.760757
30.5,3.819,3.819,0.762499
30.5,3.82,3.82,0.762499
30.5,3.821,3.821,0.762499
30.5,3.822,3.822,0.762499
30.5,3.823,3.823,0.762499
30.5,3.824,3.824,0.762499
30.5,3.825,3.825,0.762499
30.5833,3.826,3.826,0.764582
30.5833,3.827,3.827,0.764582
30.5833,3.828,3.828,0.764582
30.5833,3.829,3.829,0.764582
30.612,3.83,3.83,0.765298
30.6667,3.831,3.831,0.766666
30.6667,3.832,3.832,0.766666
30.6667,3.833,3.833,0.766666
30.6667,3.834,3.834,0.766666
30.6667,3.835,3.835,0.766666
30.6667,3.836,3.836,0.766666
30.6929,3.837,3.837,0.767322
30.75,3.838,3.838,0.768749
30.75,3.839,3.839,0.768749
30.75,3.84,3.84,0.768749
30.75,3.841,3.841,0.768749
30.75,3.842,3.842,0.768749
30.75,3.843,3.843,0.768749
30.8333,3.844,3.844,0.770832
30.8333,3.845,3.845,0.770832
30.8333,3.846,3.846,0.770832
30.8333,3.847,3.847,0.770832
30.8333,3.848,3.848,0.770832
30.9167,3.849,3.849,0.772915
30.9167,3.85,3.85,0.772915
30.9167,3.851,3.851,0.772915
30.9167,3.852,3.852,0.772915
30.9167,3.853,3.853,0.772915
31,3.854,3.854,0.774999
31,3.855,3.855,0.774999
31,3.856,3.856,0.774999
31,3.857,3.857,0.774999
31,3.858,3.858,0.774999
31,3.859,3.859,0.774999
31,3.86,3.86,0.774999
31.0833,3.861,3.861,0.777082
31.0833,3.862,3.862,0.777082
31.0833,3.863,3.863,0.777082
31.0833,3.864,3.864,0.777082
31.0833,3.865,3.865,0.777082
31.0833,3.866,3.866,0.777082
31.1667,3.867,3.867,0.779165
31.1667,3.868,3.868,0.779165
31.1667,3.869,3.869,0.779165
31.1667,3.87,3.87,0.779165
31.1667,3.871,3.871,0.779165
31.1667,3.872,3.872,0.779165
31.25,3.873,3.873,0.781249
31.25,3.874,3.874,0.781249
31.25,3.875,3.875,0.781249
31.25,3.876,3.876,0.781249
31.25,3.877,3.877,0.781249
31.3074,3.878,3.878,0.782685
31.3333,3.879,3.879,0.783332
31.3333,3.88,3.88,0.783332
31.3333,3.881,3.881,0.783332
31.3333,3.882,3.882,0.783332
31.4167,3.883,3.883,0.785415
31.4167,3.884,3.884,0.785415
31.3772,3.885,3.885,0.784429
31.4167,3.886,3.886,0.785415
31.4167,3.887,3.887,0.785415
31.4167,3.888,3.888,0.785415
31.4167,3.889,3.889,0.785415
31.4167,3.89,3.89,0.785415
31.5,3.891,3.891,0.787499
31.5,3.892,3.892,0.787499
31.5,3.893,3.893,0.787499
31.5,3.894,3.894,0.787499
31.5374,3.895,3.895,0.788434
31.5833,3.896,3.896,0.789582
31.5833,3.897,3.897,0.789582
31.5833,3.898,3.898,0.789582
31.5833,3.899,3.899,0.789582
31.5833,3.9,3.9,0.789582
31.5833,3.901,3.901,0.789582
31.6667,3.902,3.902,0.791665
31.6667,3.903,3.903,0.791665
31.6667,3.904,3.904,0.791665
31.6667,3.905,3.905,0.791665
31.6667,3.906,3.906,0.791665
31.75,3.907,3.907,0.793749
31.75,3.908,3.908,0.793749
31.75,3.909,3.909,0.793749
31.75,3.91,3.91,0.793749
31.75,3.911,3.911,0.793749
31.75,3.912,3.912,0.793749
31.8333,3.913,3.913,0.795832
31.8333,3.914,3.914,0.795832
31.8333,3.915,3.915,0.795832
31.8333,3.916,3.916,0.795832
31.8333,3.917,3.917,0.795832
31.8333,3.918,3.918,0.795832
31.9167,3.919,3.919,0.797915
31.9167,3.92,3.92,0.797915
31.9167,3.921,3.921,0.797915
31.9167,3.922,3.922,0.797915
31.9167,3.923,3.923,0.797915
31.9167,3.924,3.924,0.797915
32,3.925,3.925,0.799999
32,3.926,3.926,0.799999
32,3.927,3.927,0.799999
32.0597,3.928,3.928,0.801491
32,3.929,3.929,0.799999
32,3.93,3.93,0.799999
32.0833,3.931,3.931,0.802082
32.0833,3.932,3.932,0.802082
32.0833,3.933,3.933,0.802082
32.0833,3.934,3.934,0.802082
32.0938,3.935,3.935,0.802343
32.1667,3.936,3.936,0.804165
32.1667,3.937,3.937,0.804165
32.1667,3.938,3.938,0.804165
32.1667,3.939,3.939,0.804165
32.1667,3.94,3.94,0.804165
32.1667,3.941,3.941,0.804165
32.1694,3.942,3.942,0.804233
32.25,3.943,3.943,0.806249
32.25,3.944,3.944,0.806249
32.25,3.945,3.945,0.806249
32.25,3.946,3.946,0.806249
32.3333,3.947,3.947,0.808332
32.26,3.948,3.948,0.806499
32.3333,3.949,3.949,0.808332
32.3333,3.95,3.95,0.808332
32.3333,3.951,3.951,0.808332
32.3333,3.952,3.952,0.808332
32.3818,3.953,3.953,0.809543
32.4167,3.954,3.954,0.810415
32.4167,3.955,3.955,0.810415
32.4167,3.956,3.956,0.810415
32.4167,3.957,3.957,0.810415
32.4167,3.958,3.958,0.810415
32.4864,3.959,3.959,0.81216
32.5,3.96,3.96,0.812499
32.5,3.961,3.961,0.812499
32.5,3.962,3.962,0.812499
32.5,3.963,3.963,0.812499
32.5,3.964,3.964,0.812499
32.5833,3.965,3.965,0.814582
32.5833,3.966,3.966,0.814582
32.5833,3.967,3.967,0.814582
32.5833,3.968,3.968,0.814582
32.5833,3.969,3.969,0.814582
32.5833,3.97,3.97,0.814582
32.5833,3.971,3.971,0.814582
32.6667,3.972,3.972,0.816665
32.6667,3.973,3.973,0.816665
32.6667,3.974,3.974,0.816665
32.6667,3.975,3.975,0.816665
32.6667,3.976,3.976,0.816665
32.75,3.977,3.977,0.818749
32.75,3.978,3.978,0.818749
32.75,3.979,3.979,0.818749
32.75,3.98,3.98,0.818749
32.75,3.981,3.981,0.818749
32.75,3.982,3.982,0.818749
32.75,3.983,3.983,0.818749
32.8333,3.984,3.984,0.820832
32.7782,3.985,3.985,0.819454
32.8333,3.986,3.986,0.820832
32.8333,3.987,3.987,0.820832
32.8333,3.988,3.988,0.820832
32.8333,3.989,3.989,0.820832
32.9167,3.99,3.99,0.822915
32.9167,3.991,3.991,0.822915
32.9167,3.992,3.992,0.822915
32.9167,3.993,3.993,0.822915
32.9167,3.994,3.994,0.822915
32.9167,3.995,3.995,0.822915
33,3.996,3.996,0.824999
33,3.997,3.997,0.824999
33,3.998,3.998,0.824999
33,3.999,3.999,0.824999
33,4,4,0.824999
33.0833,4.001,4.001,0.827082
33.0833,4.002,4.002,0.827082
33.0833,4.003,4.003,0.827082
33.0833,4.004,4.004,0.827082
33.125,4.005,4.005,0.828123
33.0833,4.006,4.006,0.827082
33.0833,4.007,4.007,0.827082
33.1667,4.008,4.008,0.829165
33.0833,4.009,4.009,0.827082
33.1667,4.01,4.01,0.829165
33.1667,4.011,4.011,0.829165
33.25,4.012,4.012,0.831249
33.25,4.013,4.013,0.831249
33.25,4.014,4.014,0.831249
33.25,4.015,4.015,0.831249
33.3333,4.016,4.016,0.833332
33.3333,4.017,4.017,0.833332
33.3333,4.018,4.018,0.833332
33.3333,4.019,4.019,0.833332
33.3333,4.02,4.02,0.833332
33.3333,4.021,4.021,0.833332
33.3333,4.022,4.022,0.833332
33.4167,4.023,4.023,0.835415
33.4167,4.024,4.024,0.835415
33.4167,4.025,4.025,0.835415
33.4167,4.026,4.026,0.835415
33.44,4.027,4.027,0.835999
33.5,4.028,4.028,0.837499
33.5,4.029,4.029,0.837499
33.5,4.03,4.03,0.837499
33.5,4.031,4.031,0.837499
33.5,4.032,4.032,0.837499
33.5,4.033,4.033,0.837499
33.5,4.034,4.034,0.837499
33.5833,4.035,4.035,0.839582
33.5833,4.036,4.036,0.839582
33.5833,4.037,4.037,0.839582
33.5833,4.038,4.038,0.839582
33.5833,4.039,4.039,0.839582
33.5833,4.04,4.04,0.839582
33.6667,4.041,4.041,0.841665
33.6667,4.042,4.042,0.841665
33.6667,4.043,4.043,0.841665
33.6667,4.044,4.044,0.841665
33.75,4.045,4.045,0.843749
33.75,4.046,4.046,0.843749
33.75,4.047,4.047,0.843749
33.75,4.048,4.048,0.843749
33.75,4.049,4.049,0.843749
33.8333,4.05,4.05,0.845832
33.8333,4.051,4.051,0.845832
33.8333,4.052,4.052,0.845832
33.8333,4.053,4.053,0.845832
33.8333,4.054,4.054,0.845832
33.8333,4.055,4.055,0.845832
33.9167,4.056,4.056,0.847915
33.9167,4.057,4.057,0.847915
33.9167,4.058,4.058,0.847915
33.9167,4.059,4.059,0.847915
33.9627,4.06,4.06,0.849067
34,4.061,4.061,0.849999
34,4.062,4.062,0.849999
34,4.063,4.063,0.849999
34,4.064,4.064,0.849999
34,4.065,4.065,0.849999
34,4.066,4.066,0.849999
34.0833,4.067,4.067,0.852082
34.0833,4.068,4.068,0.852082
34.0833,4.069,4.069,0.852082
34.0833,4.07,4.07,0.852082
34.1667,4.071,4.071,0.854165
34.0833,4.072,4.072,0.852082
34.1667,4.073,4.073,0.854165
34.1667,4.074,4.074,0.854165
34.1667,4.075,4.075,0.854165
34.1667,4.076,4.076,0.854165
34.1933,4.077,4.077,0.854831
34.25,4.078,4.078,0.856249
34.25,4.079,4.079,0.856249
34.25,4.08,4.08,0.856249
34.25,4.081,4.081,0.856249
34.3333,4.082,4.082,0.858332
34.3333,4.083,4.083,0.858332
34.3333,4.084,4.084,0.858332
34.3333,4.085,4.085,0.858332
34.3333,4.086,4.086,0.858332
34.3333,4.087,4.087,0.858332
34.4167,4.088,4.088,0.860415
34.4167,4.089,4.089,0.860415
34.4167,4.09,4.09,0.860415
34.5,4.091,4.091,0.862499
34.4846,4.09181,4.09181,0.862113
34.5,4.093,4.093,0.862499
34.5,4.094,4.094,0.862499
34.5,4.095,4.095,0.862499
34.5,4.096,4.096,0.862499
34.5833,4.097,4.097,0.864582
34.5833,4.098,4.098,0.864582
34.5833,4.099,4.099,0.864582
34.5833,4.1,4.1,0.864582
34.5833,4.101,4.101,0.864582
34.6667,4.102,4.102,0.866665
34.6667,4.103,4.103,0.866665
34.6667,4.104,4.104,0.866665
34.6667,4.105,4.105,0.866665
34.6667,4.106,4.106,0.866665
34.6737,4.107,4.107,0.866841
34.75,4.108,4.108,0.868749
34.75,4.109,4.109,0.868749
34.75,4.11,4.11,0.868749
34.8333,4.111,4.111,0.870832
34.8333,4.112,4.112,0.870832
34.8333,4.113,4.113,0.870832
34.8333,4.114,4.114,0.870832
34.8333,4.115,4.115,0.870832
34.8333,4.116,4.116,0.870832
34.8333,4.117,4.117,0.870832
34.8333,4.118,4.118,0.870832
34.9167,4.119,4.119,0.872915
34.9167,4.12,4.12,0.872915
34.9167,4.121,4.121,0.872915
34.9167,4.122,4.122,0.872915
34.9167,4.123,4.123,0.872915
35,4.124,4.124,0.874999
35,4.125,4.125,0.874999
35,4.126,4.126,0.874999
35,4.127,4.127,0.874999
35,4.128,4.128,0.874999
35.0833,4.129,4.129,0.877082
35.0814,4.13,4.13,0.877033
35.0833,4.131,4.131,0.877082
35.0833,4.132,4.132,0.877082
35.0833,4.133,4.133,0.877082
35.1667,4.134,4.134,0.879165
35.1667,4.135,4.135,0.879165
35.1667,4.136,4.136,0.879165
35.1667,4.137,4.137,0.879165
35.1667,4.138,4.138,0.879165
35.241,4.139,4.139,0.881023
35.25,4.14,4.14,0.881249
35.25,4.141,4.141,0.881249
35.25,4.142,4.142,0.881249
35.25,4.143,4.143,0.881249
35.25,4.144,4.144,0.881249
35.3333,4.145,4.145,0.883332
35.3333,4.146,4.146,0.883332
35.3333,4.147,4.147,0.883332
35.3333,4.148,4.148,0.883332
35.3333,4.149,4.149,0.883332
35.4011,4.15,4.15,0.885025
35.3333,4.151,4.151,0.883332
35.4167,4.152,4.152,0.885415
35.4167,4.153,4.153,0.885415
35.4167,4.154,4.154,0.885415
35.4167,4.155,4.155,0.885415
35.4167,4.156,4.156,0.885415
35.5,4.157,4.157,0.887499
35.5,4.158,4.158,0.887499
35.5,4.159,4.159,0.887499
35.5,4.16,4.16,0.887499
35.5,4.161,4.161,0.887499
35.5,4.162,4.162,0.887499
35.5833,4.163,4.163,0.889582
35.5833,4.164,4.164,0.889582
35.5833,4.165,4.165,0.889582
35.6667,4.166,4.166,0.891665
35.6667,4.167,4.167,0.891665
35.6667,4.168,4.168,0.891665
35.6667,4.169,4.169,0.891665
35.6667,4.17,4.17,0.891665
35.6667,4.171,4.171,0.891665
35.75,4.172,4.172,0.893749
35.75,4.173,4.173,0.893749
35.75,4.174,4.174,0.893749
35.75,4.175,4.175,0.893749
35.75,4.176,4.176,0.893749
35.75,4.177,4.177,0.893749
35.8333,4.178,4.178,0.895832
35.8333,4.179,4.179,0.895832
35.8333,4.18,4.18,0.895832
35.9167,4.181,4.181,0.897915
35.8333,4.182,4.182,0.895832
35.8608,4.183,4.183,0.896518
35.9167,4.184,4.184,0.897915
35.9167,4.185,4.185,0.897915
35.9167,4.186,4.186,0.897915
36,4.187,4.187,0.899999
36,4.188,4.188,0.899999
36,4.189,4.189,0.899999
36,4.19,4.19,0.899999
36,4.191,4.191,0.899999
36,4.192,4.192,0.899999
36.0833,4.193,4.193,0.902082
36.0833,4.194,4.194,0.902082
36.0833,4.195,4.195,0.902082
36.0833,4.196,4.196,0.902082
36.1667,4.197,4.197,0.904165
36.1667,4.198,4.198,0.904165
36.1667,4.199,4.199,0.904165
36.1667,4.2,4.2,0.904165
36.25,4.201,4.201,0.906249
36.25,4.202,4.202,0.906249
36.25,4.203,4.203,0.906249
36.25,4.204,4.204,0.906249
36.25,4.205,4.205,0.906249
36.25,4.206,4.206,0.906249
36.25,4.207,4.207,0.906249
36.3333,4.208,4.208,0.908332
36.3333,4.209,4.209,0.908332
36.3333,4.21,4.21,0.908332
36.3333,4.211,4.211,0.908332
36.4167,4.212,4.212,0.910415
36.4167,4.213,4.213,0.910415
36.4167,4.214,4.214,0.910415
36.4167,4.215,4.215,0.910415
36.4167,4.216,4.216,0.910415
36.4327,4.217,4.217,0.910815
36.4167,4.218,4.218,0.910415
36.5,4.219,4.219,0.912499
36.5,4.22,4.22,0.912499
36.5,4.221,4.221,0.912499
36.5833,4.222,4.222,0.914582
36.5833,4.223,4.223,0.914582
36.5833,4.224,4.224,0.914582
36.5833,4.225,4.225,0.914582
36.5833,4.226,4.226,0.914582
36.5833,4.227,4.227,0.914582
36.6667,4.228,4.228,0.916665
36.6667,4.229,4.229,0.916665
36.6667,4.23,4.23,0.916665
36.6667,4.231,4.231,0.916665
36.6667,4.232,4.232,0.916665
36.75,4.233,4.233,0.918749
36.75,4.234,4.234,0.918749
36.75,4.235,4.235,0.918749
36.75,4.236,4.236,0.918749
36.8333,4.237,4.237,0.920832
36.8333,4.238,4.238,0.920832
36.8333,4.239,4.239,0.920832
36.9167,4.24,4.24,0.922915
36.9167,4.241,4.241,0.922915
36.9167,4.242,4.242,0.922915
36.9167,4.243,4.243,0.922915
36.9167,4.244,4.244,0.922915
37,4.245,4.245,0.924999
36.9167,4.246,4.246,0.922915
37,4.247,4.247,0.924999
37,4.248,4.248,0.924999
37,4.249,4.249,0.924999
37.0833,4.25,4.25,0.927082
37.0833,4.251,4.251,0.927082
37.0833,4.252,4.252,0.927082
37.0833,4.253,4.253,0.927082
37.1667,4.254,4.254,0.929165
37.1667,4.255,4.255,0.929165
37.1667,4.256,4.256,0.929165
37.1667,4.257,4.257,0.929165
37.1667,4.258,4.258,0.929165
37.25,4.259,4.259,0.931249
37.25,4.26,4.26,0.931249
37.25,4.261,4.261,0.931249
37.3333,4.262,4.262,0.933332
37.3333,4.263,4.263,0.933332
37.3099,4.264,4.264,0.932747
37.3333,4.265,4.265,0.933332
37.4167,4.266,4.266,0.935415
37.4167,4.267,4.267,0.935415
37.4167,4.268,4.268,0.935415
37.4167,4.269,4.269,0.935415
37.4167,4.27,4.27,0.935415
37.5,4.271,4.271,0.937499
37.5,4.272,4.272,0.937499
37.5,4.273,4.273,0.937499
37.5,4.274,4.274,0.937499
37.5833,4.275,4.275,0.939582
37.5833,4.276,4.276,0.939582
37.5833,4.277,4.277,0.939582
37.5833,4.278,4.278,0.939582
37.6667,4.279,4.279,0.941665
37.6667,4.28,4.28,0.941665
37.6667,4.281,4.281,0.941665
37.6667,4.282,4.282,0.941665
37.75,4.283,4.283,0.943749
37.75,4.284,4.284,0.943749
37.75,4.285,4.285,0.943749
37.75,4.286,4.286,0.943749
37.8333,4.287,4.287,0.945832
37.8333,4.288,4.288,0.945832
37.8333,4.289,4.289,0.945832
37.8333,4.29,4.29,0.945832
37.9167,4.291,4.291,0.947915
37.9167,4.292,4.292,0.947915
37.9167,4.293,4.293,0.947915
37.9167,4.294,4.294,0.947915
38,4.295,4.295,0.949999
38,4.296,4.296,0.949999
38,4.297,4.297,0.949999
38,4.298,4.298,0.949999
38,4.299,4.299,0.949999
38.0833,4.3,4.3,0.952082
38.0833,4.301,4.301,0.952082
38.0833,4.302,4.302,0.952082
38.0833,4.303,4.303,0.952082
38.1667,4.304,4.304,0.954165
38.1667,4.305,4.305,0.954165
38.1667,4.306,4.306,0.954165
38.1667,4.307,4.307,0.954165
38.1667,4.308,4.308,0.954165
38.1667,4.309,4.309,0.954165
38.25,4.31,4.31,0.956249
38.25,4.311,4.311,0.956249
38.25,4.312,4.312,0.956249
38.25,4.313,4.313,0.956249
38.3333,4.314,4.314,0.958332
38.3333,4.315,4.315,0.958332
38.3333,4.316,4.316,0.958332
38.3333,4.317,4.317,0.958332
38.4167,4.318,4.318,0.960415
38.4167,4.319,4.319,0.960415
38.4167,4.32,4.32,0.960415
38.4167,4.321,4.321,0.960415
38.4167,4.322,4.322,0.960415
38.4167,4.323,4.323,0.960415
38.5,4.324,4.324,0.962499
38.5,4.325,4.325,0.962499
38.5,4.326,4.326,0.962499
38.5,4.327,4.327,0.962499
38.5,4.328,4.328,0.962499
38.5833,4.329,4.329,0.964582
38.5833,4.33,4.33,0.964582
38.5833,4.331,4.331,0.964582
38.5833,4.332,4.332,0.964582
38.6223,4.333,4.333,0.965556
38.6667,4.334,4.334,0.966665
38.6667,4.335,4.335,0.966665
38.6667,4.336,4.336,0.966665
38.6667,4.337,4.337,0.966665
38.6667,4.338,4.338,0.966665
38.75,4.339,4.339,0.968748
38.75,4.34,4.34,0.968748
38.75,4.341,4.341,0.968748
38.75,4.342,4.342,0.968748
38.75,4.343,4.343,0.968748
38.75,4.344,4.344,0.968748
38.75,4.345,4.345,0.968748
38.8333,4.346,4.346,0.970832
38.8333,4.347,4.347,0.970832
38.8333,4.348,4.348,0.970832
38.9167,4.349,4.349,0.972915
38.9167,4.35,4.35,0.972915
38.9167,4.351,4.351,0.972915
38.9167,4.352,4.352,0.972915
38.9167,4.353,4.353,0.972915
38.9167,4.354,4.354,0.972915
38.9167,4.355,4.355,0.972915
39,4.356,4.356,0.974998
39,4.357,4.357,0.974998
39,4.358,4.358,0.974998
39,4.359,4.359,0.974998
39,4.36,4.36,0.974998
39.0833,4.36083,4.36083,0.977082
39.0833,4.362,4.362,0.977082
39.0181,4.363,4.363,0.975452
39.0833,4.364,4.364,0.977082
39.0833,4.365,4.365,0.977082
39.0833,4.366,4.366,0.977082
39.0833,4.367,4.367,0.977082
39.1667,4.368,4.368,0.979165
39.1667,4.369,4.369,0.979165
39.1667,4.37,4.37,0.979165
39.1667,4.371,4.371,0.979165
39.1667,4.372,4.372,0.979165
39.1667,4.373,4.373,0.979165
39.25,4.374,4.374,0.981248
39.25,4.375,4.375,0.981248
39.25,4.376,4.376,0.981248
39.25,4.377,4.377,0.981248
39.25,4.378,4.378,0.981248
39.2742,4.379,4.379,0.981854
39.25,4.38,4.38,0.981248
39.3333,4.381,4.381,0.983332
39.3333,4.382,4.382,0.983332
39.3333,4.383,4.383,0.983332
39.4167,4.384,4.384,0.985415
39.4167,4.385,4.385,0.985415
39.4167,4.386,4.386,0.985415
39.4167,4.387,4.387,0.985415
39.4167,4.388,4.388,0.985415
39.4167,4.389,4.389,0.985415
39.4167,4.39,4.39,0.985415
39.4167,4.391,4.391,0.985415
39.434,4.392,4.392,0.985848
39.5,4.393,4.393,0.987498
39.5,4.394,4.394,0.987498
39.5833,4.395,4.395,0.989582
39.5833,4.396,4.396,0.989582
39.5833,4.397,4.397,0.989582
39.5833,4.398,4.398,0.989582
39.5833,4.399,4.399,0.989582
39.5833,4.4,4.4,0.989582
39.5833,4.401,4.401,0.989582
39.6667,4.402,4.402,0.991665
39.6667,4.403,4.403,0.991665
39.6667,4.404,4.404,0.991665
39.6667,4.40494,4.40494,0.991665
39.6667,4.406,4.406,0.991665
39.7224,4.407,4.407,0.993057
39.75,4.408,4.408,0.993748
39.75,4.409,4.409,0.993748
39.75,4.41,4.41,0.993748
39.75,4.411,4.411,0.993748
39.75,4.412,4.412,0.993748
39.75,4.413,4.413,0.993748
39.8333,4.414,4.414,0.995832
39.8333,4.415,4.415,0.995832
39.8333,4.416,4.416,0.995832
39.9167,4.417,4.417,0.997915
39.9167,4.418,4.418,0.997915
39.9167,4.419,4.419,0.997915
39.9167,4.42,4.42,0.997915
39.9167,4.421,4.421,0.997915
39.9167,4.422,4.422,0.997915
39.978,4.423,4.423,0.999448
40,4.424,4.424,0.999998
40,4.425,4.425,0.999998
40,4.426,4.426,0.999998
40.0833,4.427,4.427,1.00208
40.0833,4.428,4.428,1.00208
40.0833,4.429,4.429,1.00208
40.0833,4.43,4.43,1.00208
40.0833,4.431,4.431,1.00208
40.0833,4.432,4.432,1.00208
40.1667,4.433,4.433,1.00417
40.1667,4.434,4.434,1.00417
40.1667,4.435,4.435,1.00417
40.1667,4.436,4.436,1.00417
40.25,4.437,4.437,1.00625
40.25,4.438,4.438,1.00625
40.25,4.439,4.439,1.00625
40.25,4.44,4.44,1.00625
40.3333,4.441,4.441,1.00833
40.3333,4.442,4.442,1.00833
40.3333,4.443,4.443,1.00833
40.3333,4.444,4.444,1.00833
40.3333,4.445,4.445,1.00833
40.3333,4.446,4.446,1.00833
40.3623,4.447,4.447,1.00906
40.4167,4.448,4.448,1.01042
40.4167,4.449,4.449,1.01042
40.4167,4.45,4.45,1.01042
40.4167,4.451,4.451,1.01042
40.5,4.452,4.452,1.0125
40.5,4.453,4.453,1.0125
40.5,4.454,4.454,1.0125
40.5,4.455,4.455,1.0125
40.5833,4.456,4.456,1.01458
40.5833,4.457,4.457,1.01458
40.5833,4.458,4.458,1.01458
40.5833,4.459,4.459,1.01458
40.5833,4.46,4.46,1.01458
40.5833,4.461,4.461,1.01458
40.5833,4.462,4.462,1.01458
40.6667,4.463,4.463,1.01667
40.6667,4.464,4.464,1.01667
40.6667,4.465,4.465,1.01667
40.6667,4.466,4.466,1.01667
40.6667,4.467,4.467,1.01667
40.75,4.468,4.468,1.01875
40.75,4.469,4.469,1.01875
40.75,4.47,4.47,1.01875
40.8333,4.471,4.471,1.02083
40.75,4.472,4.472,1.01875
40.8333,4.473,4.473,1.02083
40.8333,4.474,4.474,1.02083
40.8333,4.475,4.475,1.02083
40.8333,4.476,4.476,1.02083
40.9167,4.477,4.477,1.02292
40.9167,4.478,4.478,1.02292
40.9167,4.479,4.479,1.02292
40.9167,4.48,4.48,1.02292
41,4.481,4.481,1.025
41,4.482,4.482,1.025
41,4.483,4.483,1.025
41,4.484,4.484,1.025
41,4.485,4.485,1.025
41.0833,4.486,4.486,1.02708
41,4.487,4.487,1.025
41,4.488,4.488,1.025
41.0833,4.489,4.489,1.02708
41.0833,4.49,4.49,1.02708
41.0833,4.49086,4.49086,1.02708
41.0833,4.492,4.492,1.02708
41.1667,4.493,4.493,1.02917
41.1667,4.494,4.494,1.02917
41.1667,4.495,4.495,1.02917
41.1667,4.496,4.496,1.02917
41.0833,4.497,4.497,1.02708
41.1363,4.498,4.498,1.0284
41.1667,4.499,4.499,1.02917
41.1667,4.5,4.5,1.02917
41.1667,4.501,4.501,1.02917
41.25,4.502,4.502,1.03125
41.25,4.503,4.503,1.03125
41.25,4.504,4.504,1.03125
41.25,4.505,4.505,1.03125
41.2644,4.506,4.506,1.03161
41.3333,4.507,4.507,1.03333
41.3333,4.508,4.508,1.03333
41.3333,4.509,4.509,1.03333
41.3333,4.51,4.51,1.03333
41.3333,4.511,4.511,1.03333
41.4167,4.512,4.512,1.03542
41.4167,4.513,4.513,1.03542
41.4167,4.514,4.514,1.03542
41.4167,4.515,4.515,1.03542
41.4217,4.516,4.516,1.03554
41.5,4.517,4.517,1.0375
41.5,4.518,4.518,1.0375
41.5,4.519,4.519,1.0375
41.5,4.52,4.52,1.0375
41.5,4.52072,4.52072,1.0375
41.5833,4.522,4.522,1.03958
41.5833,4.523,4.523,1.03958
41.5833,4.524,4.524,1.03958
41.5833,4.525,4.525,1.03958
41.5833,4.526,4.526,1.03958
41.6667,4.527,4.527,1.04167
41.6667,4.528,4.528,1.04167
41.6667,4.529,4.529,1.04167
41.6667,4.53,4.53,1.04167
41.6667,4.531,4.531,1.04167
41.6667,4.532,4.532,1.04167
41.75,4.53292,4.53292,1.04375
41.75,4.534,4.534,1.04375
41.75,4.535,4.535,1.04375
41.8333,4.536,4.536,1.04583
41.8333,4.537,4.537,1.04583
41.8333,4.538,4.538,1.04583
41.8337,4.539,4.539,1.04584
41.9167,4.54,4.54,1.04792
41.9167,4.541,4.541,1.04792
41.9167,4.542,4.542,1.04792
41.9167,4.543,4.543,1.04792
41.9167,4.544,4.544,1.04792
42,4.545,4.545,1.05
42,4.546,4.546,1.05
42,4.547,4.547,1.05
42,4.548,4.548,1.05
42,4.549,4.549,1.05
42,4.55,4.55,1.05
42.0833,4.551,4.551,1.05208
42.0833,4.552,4.552,1.05208
42.0833,4.553,4.553,1.05208
42.0833,4.554,4.554,1.05208
42.1667,4.555,4.555,1.05417
42.0833,4.556,4.556,1.05208
42.1667,4.557,4.557,1.05417
42.1667,4.558,4.558,1.05417
42.1667,4.55885,4.55885,1.05417
42.25,4.56,4.56,1.05625
42.25,4.561,4.561,1.05625
42.25,4.562,4.562,1.05625
42.25,4.563,4.563,1.05625
42.25,4.564,4.564,1.05625
42.25,4.565,4.565,1.05625
42.3333,4.566,4.566,1.05833
42.3333,4.567,4.567,1.05833
42.3333,4.568,4.568,1.05833
42.3333,4.569,4.569,1.05833
42.4167,4.57,4.57,1.06042
42.4167,4.571,4.571,1.06042
42.4167,4.572,4.572,1.06042
42.4167,4.573,4.573,1.06042
42.4167,4.574,4.574,1.06042
42.5,4.575,4.575,1.0625
42.5,4.576,4.576,1.0625
42.5,4.577,4.577,1.0625
42.5,4.578,4.578,1.0625
42.5,4.579,4.579,1.0625
42.5833,4.58,4.58,1.06458
42.5833,4.581,4.581,1.06458
42.5833,4.582,4.582,1.06458
42.5833,4.583,4.583,1.06458
42.6667,4.584,4.584,1.06667
42.6667,4.585,4.585,1.06667
42.6667,4.586,4.586,1.06667
42.6667,4.587,4.587,1.06667
42.6667,4.588,4.588,1.06667
42.75,4.589,4.589,1.06875
42.75,4.59,4.59,1.06875
42.75,4.591,4.591,1.06875
42.75,4.59168,4.59168,1.06875
42.75,4.593,4.593,1.06875
42.75,4.594,4.594,1.06875
42.8333,4.595,4.595,1.07083
42.8333,4.596,4.596,1.07083
42.8333,4.597,4.597,1.07083
42.8333,4.598,4.598,1.07083
42.8768,4.599,4.599,1.07192
42.9167,4.6,4.6,1.07292
42.9167,4.601,4.601,1.07292
42.9167,4.602,4.602,1.07292
43,4.603,4.603,1.075
43,4.604,4.604,1.075
43,4.605,4.605,1.075
43,4.606,4.606,1.075
43,4.607,4.607,1.075
43.0833,4.608,4.608,1.07708
43.0833,4.609,4.609,1.07708
43.0833,4.61,4.61,1.07708
43.0833,4.611,4.611,1.07708
43.0833,4.612,4.612,1.07708
43.0833,4.613,4.613,1.07708
43.1667,4.614,4.614,1.07917
43.1667,4.615,4.615,1.07917
43.1667,4.616,4.616,1.07917
43.1667,4.617,4.617,1.07917
43.1667,4.618,4.618,1.07917
43.25,4.619,4.619,1.08125
43.25,4.62,4.62,1.08125
43.25,4.621,4.621,1.08125
43.25,4.622,4.622,1.08125
43.3333,4.623,4.623,1.08333
43.3333,4.62389,4.62389,1.08333
43.3333,4.625,4.625,1.08333
43.3333,4.626,4.626,1.08333
43.3333,4.627,4.627,1.08333
43.3333,4.628,4.628,1.08333
43.3571,4.629,4.629,1.08393
43.4167,4.63,4.63,1.08542
43.4167,4.631,4.631,1.08542
43.4167,4.632,4.632,1.08542
43.4167,4.633,4.633,1.08542
43.5,4.634,4.634,1.0875
43.5,4.635,4.635,1.0875
43.5,4.636,4.636,1.0875
43.5,4.637,4.637,1.0875
43.5,4.638,4.638,1.0875
43.5833,4.639,4.639,1.08958
43.5833,4.64,4.64,1.08958
43.5833,4.641,4.641,1.08958
43.6071,4.642,4.642,1.09017
43.6667,4.643,4.643,1.09167
43.6667,4.644,4.644,1.09167
43.6667,4.645,4.645,1.09167
43.6667,4.646,4.646,1.09167
43.6667,4.647,4.647,1.09167
43.75,4.648,4.648,1.09375
43.75,4.649,4.649,1.09375
43.75,4.65,4.65,1.09375
43.75,4.651,4.651,1.09375
43.8333,4.652,4.652,1.09583
43.8333,4.653,4.653,1.09583
43.8333,4.654,4.654,1.09583
43.8333,4.655,4.655,1.09583
43.8333,4.65597,4.65597,1.09583
43.8333,4.657,4.657,1.09583
43.9167,4.658,4.658,1.09791
43.9167,4.659,4.659,1.09791
43.9167,4.66,4.66,1.09791
44,4.661,4.661,1.1
44,4.662,4.662,1.1
44,4.663,4.663,1.1
44,4.664,4.664,1.1
44,4.665,4.665,1.1
44,4.666,4.666,1.1
44.0833,4.667,4.667,1.10208
44.0833,4.668,4.668,1.10208
44.0833,4.669,4.669,1.10208
44.0833,4.67,4.67,1.10208
44.0833,4.671,4.671,1.10208
44.0866,4.672,4.672,1.10216
44.1667,4.673,4.673,1.10416
44.1667,4.674,4.674,1.10416
44.1667,4.675,4.675,1.10416
44.1667,4.676,4.676,1.10416
44.1667,4.677,4.677,1.10416
44.25,4.678,4.678,1.10625
44.25,4.679,4.679,1.10625
44.25,4.68,4.68,1.10625
44.25,4.681,4.681,1.10625
44.3333,4.682,4.682,1.10833
44.3333,4.683,4.683,1.10833
44.3333,4.684,4.684,1.10833
44.3333,4.685,4.685,1.10833
44.3333,4.686,4.686,1.10833
44.4167,4.687,4.687,1.11041
44.4167,4.688,4.688,1.11041
44.4167,4.689,4.689,1.11041
44.4588,4.69,4.69,1.11147
44.5,4.691,4.691,1.1125
44.5,4.692,4.692,1.1125
44.5,4.693,4.693,1.1125
44.5,4.694,4.694,1.1125
44.5,4.695,4.695,1.1125
44.5,4.696,4.696,1.1125
44.5276,4.697,4.697,1.11319
44.5833,4.698,4.698,1.11458
44.5833,4.699,4.699,1.11458
44.5833,4.7,4.7,1.11458
44.6499,4.7008,4.7008,1.11625
44.6495,4.702,4.702,1.11624
44.6667,4.703,4.703,1.11666
44.6667,4.704,4.704,1.11666
44.6771,4.705,4.705,1.11693
44.6667,4.706,4.706,1.11666
44.75,4.707,4.707,1.11875
44.75,4.708,4.708,1.11875
44.75,4.709,4.709,1.11875
44.75,4.71,4.71,1.11875
44.8333,4.711,4.711,1.12083
44.8333,4.712,4.712,1.12083
44.8333,4.713,4.713,1.12083
44.8333,4.714,4.714,1.12083
44.8992,4.715,4.715,1.12248
44.9167,4.716,4.716,1.12291
44.9167,4.717,4.717,1.12291
44.9167,4.718,4.718,1.12291
44.9167,4.719,4.719,1.12291
44.9167,4.72,4.72,1.12291
45,4.721,4.721,1.125
45,4.722,4.722,1.125
45,4.723,4.723,1.125
45.0016,4.724,4.724,1.12504
45.0833,4.725,4.725,1.12708
45.0833,4.726,4.726,1.12708
45.0833,4.727,4.727,1.12708
45.1667,4.728,4.728,1.12916
45.1667,4.729,4.729,1.12916
45.1667,4.73,4.73,1.12916
45.1667,4.731,4.731,1.12916
45.1667,4.732,4.732,1.12916
45.25,4.733,4.733,1.13125
45.25,4.734,4.734,1.13125
45.25,4.735,4.735,1.13125
45.3333,4.736,4.736,1.13333
45.3333,4.737,4.737,1.13333
45.3333,4.738,4.738,1.13333
45.3333,4.739,4.739,1.13333
45.3333,4.74,4.74,1.13333
45.4167,4.741,4.741,1.13541
45.3772,4.742,4.742,1.13443
45.4167,4.743,4.743,1.13541
45.4414,4.744,4.744,1.13603
45.4167,4.745,4.745,1.13541
45.4369,4.746,4.746,1.13592
45.5,4.747,4.747,1.1375
45.5,4.748,4.748,1.1375
45.5,4.749,4.749,1.1375
45.5833,4.75,4.75,1.13958
45.525,4.751,4.751,1.13812
45.5833,4.752,4.752,1.13958
45.5833,4.753,4.753,1.13958
45.5833,4.754,4.754,1.13958
45.5833,4.755,4.755,1.13958
45.6667,4.756,4.756,1.14166
45.6667,4.757,4.757,1.14166
45.6667,4.758,4.758,1.14166
45.6667,4.759,4.759,1.14166
45.75,4.76,4.76,1.14375
45.75,4.761,4.761,1.14375
45.75,4.762,4.762,1.14375
45.8333,4.763,4.763,1.14583
45.8333,4.764,4.764,1.14583
45.8333,4.765,4.765,1.14583
45.8333,4.766,4.766,1.14583
45.8978,4.767,4.767,1.14744
45.9167,4.768,4.768,1.14791
45.9167,4.769,4.769,1.14791
45.9167,4.77,4.77,1.14791
45.9167,4.771,4.771,1.14791
45.9167,4.772,4.772,1.14791
46,4.773,4.773,1.15
46,4.774,4.774,1.15
46,4.775,4.775,1.15
46,4.776,4.776,1.15
46.0833,4.777,4.777,1.15208
46.0833,4.778,4.778,1.15208
46.0833,4.779,4.779,1.15208
46.0833,4.78,4.78,1.15208
46.1667,4.781,4.781,1.15416
46.1667,4.782,4.782,1.15416
46.1667,4.783,4.783,1.15416
46.1667,4.784,4.784,1.15416
46.1667,4.785,4.785,1.15416
46.2435,4.786,4.786,1.15609
46.25,4.78677,4.78677,1.15625
46.25,4.788,4.788,1.15625
46.25,4.789,4.789,1.15625
46.3333,4.78969,4.78969,1.15833
46.3333,4.79028,4.79028,1.15833
46.3333,4.792,4.792,1.15833
46.3333,4.793,4.793,1.15833
46.3333,4.794,4.794,1.15833
46.4167,4.795,4.795,1.16041
46.4167,4.796,4.796,1.16041
46.4167,4.797,4.797,1.16041
46.4167,4.798,4.798,1.16041
46.5,4.799,4.799,1.1625
46.5,4.8,4.8,1.1625
46.5,4.801,4.801,1.1625
46.5,4.802,4.802,1.1625
46.5833,4.803,4.803,1.16458
46.5833,4.804,4.804,1.16458
46.5833,4.805,4.805,1.16458
46.5833,4.806,4.806,1.16458
46.6213,4.807,4.807,1.16553
46.6667,4.808,4.808,1.16666
46.6667,4.809,4.809,1.16666
46.6667,4.81,4.81,1.16666
46.6667,4.811,4.811,1.16666
46.6667,4.812,4.812,1.16666
46.75,4.813,4.813,1.16875
46.75,4.814,4.814,1.16875
46.75,4.815,4.815,1.16875
46.75,4.816,4.816,1.16875
46.75,4.817,4.817,1.16875
46.8333,4.818,4.818,1.17083
46.8333,4.819,4.819,1.17083
46.8333,4.82,4.82,1.17083
46.8333,4.821,4.821,1.17083
46.9167,4.822,4.822,1.17291
46.9167,4.823,4.823,1.17291
46.9167,4.824,4.824,1.17291
46.9167,4.825,4.825,1.17291
47,4.826,4.826,1.175
47,4.827,4.827,1.175
47,4.828,4.828,1.175
47,4.829,4.829,1.175
47.0833,4.83,4.83,1.17708
47.0833,4.831,4.831,1.17708
47.0833,4.832,4.832,1.17708
47.0833,4.833,4.833,1.17708
47.0833,4.834,4.834,1.17708
47.1519,4.835,4.835,1.1788
47.1667,4.836,4.836,1.17916
47.1667,4.837,4.837,1.17916
47.1667,4.838,4.838,1.17916
47.1667,4.839,4.839,1.17916
47.1667,4.84,4.84,1.17916
47.1667,4.841,4.841,1.17916
47.25,4.842,4.842,1.18125
47.25,4.843,4.843,1.18125
47.25,4.844,4.844,1.18125
47.25,4.845,4.845,1.18125
47.3333,4.846,4.846,1.18333
47.3333,4.847,4.847,1.18333
47.3333,4.848,4.848,1.18333
47.3959,4.84875,4.84875,1.18489
47.4167,4.85,4.85,1.18541
47.4167,4.851,4.851,1.18541
47.4167,4.852,4.852,1.18541
47.4167,4.853,4.853,1.18541
47.4167,4.854,4.854,1.18541
47.4167,4.85467,4.85467,1.18541
47.5,4.856,4.856,1.1875
47.5,4.857,4.857,1.1875
47.5,4.858,4.858,1.1875
47.5,4.859,4.859,1.1875
47.5,4.86,4.86,1.1875
47.5833,4.86078,4.86078,1.18958
47.5833,4.86152,4.86152,1.18958
47.5833,4.863,4.863,1.18958
47.5833,4.86365,4.86365,1.18958
47.5833,4.865,4.865,1.18958
47.6066,4.866,4.866,1.19016
47.6667,4.86697,4.86697,1.19166
47.6667,4.86766,4.86766,1.19166
47.6667,4.869,4.869,1.19166
47.6667,4.87,4.87,1.19166
47.75,4.871,4.871,1.19375
47.75,4.872,4.872,1.19375
47.75,4.873,4.873,1.19375
47.75,4.874,4.874,1.19375
47.75,4.875,4.875,1.19375
47.8333,4.876,4.876,1.19583
47.8333,4.877,4.877,1.19583
47.8333,4.878,4.878,1.19583
47.8333,4.879,4.879,1.19583
47.8333,4.88,4.88,1.19583
47.8333,4.881,4.881,1.19583
47.9167,4.882,4.882,1.19791
47.9167,4.883,4.883,1.19791
47.9167,4.884,4.884,1.19791
47.9167,4.885,4.885,1.19791
48,4.886,4.886,1.2
48,4.887,4.887,1.2
48,4.888,4.888,1.2
48,4.889,4.889,1.2
48.0773,4.89,4.89,1.20193
48.0833,4.891,4.891,1.20208
48.0833,4.892,4.892,1.20208
48.0833,4.89296,4.89296,1.20208
48.0833,4.894,4.894,1.20208
48.0833,4.895,4.895,1.20208
48.1667,4.896,4.896,1.20416
48.1667,4.897,4.897,1.20416
48.1667,4.898,4.898,1.20416
48.1667,4.899,4.899,1.20416
48.1667,4.9,4.9,1.20416
48.25,4.901,4.901,1.20625
48.25,4.902,4.902,1.20625
48.25,4.903,4.903,1.20625
48.3333,4.904,4.904,1.20833
48.3333,4.905,4.905,1.20833
48.25,4.906,4.906,1.20625
48.3333,4.907,4.907,1.20833
48.3333,4.908,4.908,1.20833
48.3333,4.909,4.909,1.20833
48.4167,4.91,4.91,1.21041
48.4167,4.911,4.911,1.21041
48.4167,4.912,4.912,1.21041
48.4167,4.913,4.913,1.21041
48.4167,4.914,4.914,1.21041
48.5,4.915,4.915,1.2125
48.5,4.916,4.916,1.2125
48.5,4.917,4.917,1.2125
48.5,4.918,4.918,1.2125
48.5833,4.919,4.919,1.21458
48.5833,4.91978,4.91978,1.21458
48.5833,4.921,4.921,1.21458
48.5833,4.922,4.922,1.21458
48.5833,4.923,4.923,1.21458
48.6072,4.924,4.924,1.21518
48.6667,4.925,4.925,1.21666
48.6667,4.926,4.926,1.21666
48.6667,4.927,4.927,1.21666
48.6816,4.928,4.928,1.21704
48.75,4.929,4.929,1.21875
48.75,4.93,4.93,1.21875
48.75,4.931,4.931,1.21875
48.75,4.932,4.932,1.21875
48.7835,4.933,4.933,1.21958
48.8333,4.934,4.934,1.22083
48.8333,4.935,4.935,1.22083
48.8333,4.936,4.936,1.22083
48.9167,4.937,4.937,1.22291
48.9167,4.938,4.938,1.22291
48.9167,4.939,4.939,1.22291
48.9167,4.94,4.94,1.22291
48.9309,4.941,4.941,1.22327
49,4.942,4.942,1.225
49,4.943,4.943,1.225
49,4.944,4.944,1.225
49.0833,4.94494,4.94494,1.22708
49.0833,4.946,4.946,1.22708
49.0833,4.947,4.947,1.22708
49.0833,4.948,4.948,1.22708
49.1667,4.949,4.949,1.22916
49.1667,4.95,4.95,1.22916
49.1667,4.951,4.951,1.22916
49.1667,4.952,4.952,1.22916
49.25,4.953,4.953,1.23125
49.25,4.954,4.954,1.23125
49.25,4.955,4.955,1.23125
49.25,4.956,4.956,1.23125
49.25,4.957,4.957,1.23125
49.3333,4.95794,4.95794,1.23333
49.3333,4.95863,4.95863,1.23333
49.3333,4.96,4.96,1.23333
49.3333,4.961,4.961,1.23333
49.4167,4.96171,4.96171,1.23541
49.4167,4.9624,4.9624,1.23541
49.4167,4.964,4.964,1.23541
49.4167,4.965,4.965,1.23541
49.4167,4.966,4.966,1.23541
49.5,4.96685,4.96685,1.2375
49.5,4.968,4.968,1.2375
49.5,4.969,4.969,1.2375
49.5,4.97,4.97,1.2375
49.5781,4.97094,4.97094,1.23945
49.5833,4.972,4.972,1.23958
49.5833,4.973,4.973,1.23958
49.5833,4.974,4.974,1.23958
49.6418,4.975,4.975,1.24104
49.6667,4.976,4.976,1.24166
49.6667,4.977,4.977,1.24166
49.75,4.978,4.978,1.24375
49.75,4.979,4.979,1.24375
49.75,4.98,4.98,1.24375
49.75,4.981,4.981,1.24375
49.7957,4.982,4.982,1.24489
49.8333,4.983,4.983,1.24583
49.8333,4.98392,4.98392,1.24583
49.8333,4.985,4.985,1.24583
49.8333,4.986,4.986,1.24583
49.9167,4.987,4.987,1.24791
49.9167,4.988,4.988,1.24791
49.9167,4.989,4.989,1.24791
49.9167,4.99,4.99,1.24791
50,4.991,4.991,1.25
50,4.992,4.992,1.25
50,4.993,4.993,1.25
50,4.994,4.994,1.25
50,4.995,4.995,1.25
50.0833,4.996,4.996,1.25208
50.0833,4.99667,4.99667,1.25208
50.0833,4.998,4.998,1.25208
50.1667,5,5,1.25416
